id,title,url,upload_date,live_status,was_live,is_live,availability,members_only
sbE_VkHtbd8,红色教主孔庆东并不孤独：盘点你不知道的中国毛粉蛇精病群体,https://www.youtube.com/watch?v=sbE_VkHtbd8,2026-02-24,,,,,False
5f8XYcl48bw,春节复工信号测试：马上发财马上健康｜无内容纯聊天,https://www.youtube.com/watch?v=5f8XYcl48bw,2026-02-23,,,,,False
alAV8yYfdYI,打响春节第一枪：温家宝春节贺卡檄文讨习｜谷刘两位冬奥会美女谶语映射的中美两种关系：太干收入VIP了,https://www.youtube.com/watch?v=alAV8yYfdYI,2026-02-20,was_live,True,False,subscriber_only,True
1hTWgiRdLxA,周末玄学：孙中山转世河南聋哑人张四目｜女鬼吸阳气导致少年险情的经历｜父亲中阴身跨洋回国团聚的故事｜我与老公性生活是今生唯一憾事,https://www.youtube.com/watch?v=1hTWgiRdLxA,2026-02-15,,,,,False
p3wdvd1V7F0,随便聊聊：CIA招募解放军打广告了，说我们国家在疯子手里，谁是疯子？｜冬奥会谷爱凌大翻车，中美两边不讨好,https://www.youtube.com/watch?v=p3wdvd1V7F0,2026-02-14,,,,,False
c21PhbgC4vk,VIP直播：《美国防堵“红色供应链”政策的深层逻辑与中资新能源赴美投资实战分析》｜超级EMBA级董事长总裁班,https://www.youtube.com/watch?v=c21PhbgC4vk,2026-02-13,was_live,True,False,subscriber_only,True
a2PZSRgrU8E,军报删除批张文章，习春节下基层下部队不离京｜王志安再陷麻烦，陈光诚大战王志安｜经济下行企业家被纪委勒索个没完没了怎么办,https://www.youtube.com/watch?v=a2PZSRgrU8E,2026-02-12,,,,,False
4arNR0JKjJw,史上砸孙第一人陶成章｜孙中山贪污革命经费的3大罪状14条污点｜,https://www.youtube.com/watch?v=4arNR0JKjJw,2026-02-10,,,,,False
U5OOf0kPuP8,为什么白银市场后涨先跌｜周五玄学：冤魂索命纪委抓人｜小狗投胎做女儿的故事｜走路到越南的路线图,https://www.youtube.com/watch?v=U5OOf0kPuP8,2026-02-07,,,,,False
IVYjFCeYJuU,VIP直播：未来20年美国投资风口小型分布式社区储能电站商业计划｜分享如何发大财的思路,https://www.youtube.com/watch?v=IVYjFCeYJuU,2026-02-06,was_live,True,False,subscriber_only,True
81maNKTjsoc,字少事大？习近平与川普通电话！｜有奖征文和新二创商机！,https://www.youtube.com/watch?v=81maNKTjsoc,2026-02-04,,,,,False
ZnR2sUDVYZc,日本张又侠犬养毅｜大和中流砥柱是如何被当作绊脚石打倒的｜日本515事件之消灭犬养毅反革命集团与二战不回头点,https://www.youtube.com/watch?v=ZnR2sUDVYZc,2026-02-03,,,,,False
OZxZ7Qwspnc,为什么白银价格领跌？为什么金价暴涨水贝跑路金价暴跌水贝还跑路？论金银的投资策略！,https://www.youtube.com/watch?v=OZxZ7Qwspnc,2026-01-31,,,,,False
dDZJWrJfqaE,VIP41直播：超级MBA货币金融课之黄金的合理价格区间预测,https://www.youtube.com/watch?v=dDZJWrJfqaE,2026-01-29,was_live,True,False,subscriber_only,True
Qq47RRzzWXQ,闲聊几句张又侠出卖核机密的可能性｜沙利文站出来说话了，你不知道的中美军事交流内幕！,https://www.youtube.com/watch?v=Qq47RRzzWXQ,2026-01-28,,,,,False
9etPPw92WXc,号外：张又侠刘振立政变失败堪比林彪坠机！｜论大外宣职业反贼与听床师！｜论打台湾的可能性！,https://www.youtube.com/watch?v=9etPPw92WXc,2026-01-25,,,,,False
HTWPtX8pv0w,周末玄学：APP红外摄像头驱鬼的最清晰录像｜狐妖冒充北京国学育儿专家的真事儿｜亲爹被喇嘛勾魂夺舍偏财的经理｜成为老王来了的会员,https://www.youtube.com/watch?v=HTWPtX8pv0w,2026-01-24,was_live,True,False,subscriber_only,True
JXaQdyf096M,VIP40：为什么执念于张又侠造反重回改开？台海战后的惨状！｜如何发大财保大命？娇娜暗示给你的真实世界！,https://www.youtube.com/watch?v=JXaQdyf096M,2026-01-23,was_live,True,False,subscriber_only,True
8lwWAWskV4I,张又侠被抓了吗？中文政治自媒体大判断！｜川普是门罗的学生：论美帝国主义与边疆扩张的区别｜两封韩国教友来信｜成为老王来了的会员,https://www.youtube.com/watch?v=8lwWAWskV4I,2026-01-22,was_live,True,False,subscriber_only,True
5tf6ZfcW1A8,老王讲故事：柬埔寨如何成为人间地狱｜加播重大新闻中国出生人数降至乾隆年间｜成为老王来了的会员,https://www.youtube.com/watch?v=5tf6ZfcW1A8,2026-01-20,was_live,True,False,subscriber_only,True
Sbif4RUZ6r0,你俩有完没完了🤣｜加拿大总理说的世界新秩序不等于僖宗的人类命运共同体｜聂卫平五大生活习惯导致过早去世｜成为老王来了的会员,https://www.youtube.com/watch?v=Sbif4RUZ6r0,2026-01-17,was_live,True,False,subscriber_only,True
J1kJEuAIAMs,VIP39直播：讲述十年白银战争，黄金才是终极泡沫,https://www.youtube.com/watch?v=J1kJEuAIAMs,2026-01-16,was_live,True,False,subscriber_only,True
fYp5XH43-Wo,伊朗袁世凯家族：是时候认识巴列维一家了｜赞美李莉大校展现底线删光了自己的博客｜川普为什么真要格陵兰,https://www.youtube.com/watch?v=fYp5XH43-Wo,2026-01-15,was_live,True,False,subscriber_only,True
xICcCEO14cU,美国撤侨：伊朗变天海里为什么还不惊慌？｜伊朗街头上演六四屠杀数千抗议群众｜新蔡清华园事件：他们已经懒得去缅甸了｜公安是柬埔寨电诈的坚强护盾,https://www.youtube.com/watch?v=xICcCEO14cU,2026-01-13,was_live,True,False,subscriber_only,True
r0ONz5hD-1o,周末玄学：他要下台？解读洛阳元旦马碎奇观｜大错特错马斯克竟如此预言中国｜澳华人浮潜抓龙虾命丧鲨口｜这款APP火爆全网｜解读梁静茹关闭微博｜小少妇灵魂出壳初体验｜更多精彩内容尽在其中,https://www.youtube.com/watch?v=r0ONz5hD-1o,2026-01-11,was_live,True,False,subscriber_only,True
cQtLozIg4eE,VIP38直播：补运势增财库的实操办法，将评价体系置于自身之内，将反馈体系置于自身之外,https://www.youtube.com/watch?v=cQtLozIg4eE,2026-01-09,was_live,True,False,subscriber_only,True
gg0oCjZpY8U,陈志的靠山到底是谁？福建清道夫的灭口式遣返｜五毛帮主李毅破防上演《骂金殿》，惨被党妈带走,https://www.youtube.com/watch?v=gg0oCjZpY8U,2026-01-08,was_live,True,False,subscriber_only,True
vTYK_rhGL8g,25万粉警告：抖音单季关键字搜索过亿！列入限流名单，在墙内肆意传播老王切片即将入刑｜成为老王来了的会员,https://www.youtube.com/watch?v=vTYK_rhGL8g,2026-01-06,was_live,True,False,subscriber_only,True
dBUwdulFJbo,老王谈历史：论共产党的敌基督DNA与其对洼地僭主奴隶制的降维夺舍,https://www.youtube.com/watch?v=dBUwdulFJbo,2026-01-06,was_live,True,False,subscriber_only,True
dZLx-uABeO8,老朋友又少了一个｜全中国人民今晚再次高歌可惜不是尼｜建议圣上以后发鸡毛信治国,https://www.youtube.com/watch?v=dZLx-uABeO8,2026-01-04,was_live,True,False,subscriber_only,True
xQnrJPUF4NM,论男人为什么必须过女人关｜如何识别风水克男主人的凶宅和凶时｜加拿大女小留的勇敢分享：女留学生第一要学会保护自己,https://www.youtube.com/watch?v=xQnrJPUF4NM,2026-01-03,was_live,True,False,subscriber_only,True
bRxNVkUqx5g,VIP37百刀会：实话实说你有一个亿吗？如何赚到第一亿？,https://www.youtube.com/watch?v=bRxNVkUqx5g,2026-01-02,was_live,True,False,subscriber_only,True
wPR6eBrf5pE,新年庆典：2026新年快乐！祝福广大观众与教友们发大财！生活愉快！生日快乐！,https://www.youtube.com/watch?v=wPR6eBrf5pE,2026-01-01,was_live,True,False,subscriber_only,True
tAObJ654WnE,蝮蛇续命的真实胶东往事｜百谋不如一勇：普通人改命澳洲移民的真实案例｜一个老红卫兵的来信,https://www.youtube.com/watch?v=tAObJ654WnE,2025-12-30,was_live,True,False,subscriber_only,True
vF8XKZDV0SY,周末瞎聊：聊聊老艺术家离岸爱国｜美国的农夫市场与斩杀线｜,https://www.youtube.com/watch?v=vF8XKZDV0SY,2025-12-29,was_live,True,False,subscriber_only,True
NMENXhBfZPM,周末玄学：春晚LOGO陕西话解读太犀利｜神秘医生小爆料｜毒蛇替命｜黄仙说你的前世是菩萨｜菩萨转世投胎吗？,https://www.youtube.com/watch?v=NMENXhBfZPM,2025-12-28,was_live,True,False,subscriber_only,True
q1zB4wnJEDg,VIP36：揭秘中国有钱人的荒唐人生,https://www.youtube.com/watch?v=q1zB4wnJEDg,2025-12-26,was_live,True,False,subscriber_only,True
AbtySZer8j8,莫道电驴一只眼，挑动外卖天下反｜南博偷卖文物窝案实锤｜论侠哥挟持习近平与老习家的倒计时｜成为老王来了的会员,https://www.youtube.com/watch?v=AbtySZer8j8,2025-12-25,was_live,True,False,subscriber_only,True
2KCYEKRJfx8,論天下大亂時代中国人的底线：小粉红好战不知战，讲讲长春围城的黑历史｜阴德耗尽，林彪为何惨遭灭门？｜成为老王来了的会员,https://www.youtube.com/watch?v=2KCYEKRJfx8,2025-12-23,was_live,True,False,subscriber_only,True
nWCKwFOue64,紧急插播阿肯色新爹求助信｜狂欢夏威夷：旅游攻略房产物价地理历史｜成为老王来了的会员,https://www.youtube.com/watch?v=nWCKwFOue64,2025-12-22,was_live,True,False,subscriber_only,True
PDAy-Zwak-E,周末玄学：阴阳眼看到的老王的灵｜父亲跑去泰国签署魔鬼邪合同怎么办｜成为老王来了的会员见识更多真相,https://www.youtube.com/watch?v=PDAy-Zwak-E,2025-12-20,was_live,True,False,subscriber_only,True
LYj5opE7NgA,习近平治下，画个猪头居然要坐牢｜成为老王来了的会员,https://www.youtube.com/watch?v=LYj5opE7NgA,2025-12-19,was_live,True,False,subscriber_only,True
IQvq4HU09F0,百刀会VIP：火运未来20年如何发大财｜论中美未来一代的商业机会,https://www.youtube.com/watch?v=IQvq4HU09F0,2025-12-19,was_live,True,False,subscriber_only,True
kLrcrQC3dbE,观众朋友们！我想死你们了！,https://www.youtube.com/watch?v=kLrcrQC3dbE,2025-12-18,,,,,False
TSWZ4XEJ5Kc,王洪文被叶剑英玩死｜毛泽东说他是刘盆子｜结局却比刘盆子惨一万倍｜王洪文研发聚能光子炮和太阳能打火机的故事,https://www.youtube.com/watch?v=TSWZ4XEJ5Kc,2025-12-09,was_live,True,False,subscriber_only,True
_3bDdTDidto,信号测试｜成为老王来了的会员,https://www.youtube.com/watch?v=_3bDdTDidto,2025-12-08,,,,,False
XH4yujI4_Qw,周五欢乐玄学大放送：神与神棍，如何帮助亲人通过死亡大关，性力教的科学道理，赚了100万的您可以打赏我了,https://www.youtube.com/watch?v=XH4yujI4_Qw,2025-12-06,was_live,True,False,subscriber_only,True
MIKpai00TUs,圣上推翻旧金山和约，台湾又还给日本了｜论香港大火以灾乱港｜中国多印钱70万亿为何没有通货膨胀｜美国通过台湾保障法案｜芳华二创就是呼唤文革2.0｜徐勤先受审视频泄密打邓打江捧胡捧叶,https://www.youtube.com/watch?v=MIKpai00TUs,2025-12-04,was_live,True,False,subscriber_only,True
L3-aJ0dkE9c,“王道乐土”满洲国与郑孝胥真相｜国共两党、日本人、溥仪都不想让你知道的故事,https://www.youtube.com/watch?v=L3-aJ0dkE9c,2025-12-02,was_live,True,False,subscriber_only,True
mYG6nzEkb2U,小女孩轻松遥视证明万物有灵，震惊爸爸写信爆料｜干细胞返老还童疗法的爆料｜没想到边控与纪委酷吏轮到了我｜二十年阴症的治愈过程,https://www.youtube.com/watch?v=mYG6nzEkb2U,2025-11-29,was_live,True,False,subscriber_only,True
tqRX8WQ9gTk,王小洪危矣静待官宣｜香港大火烧的蹊跷｜佘智江陈志大起底｜,https://www.youtube.com/watch?v=tqRX8WQ9gTk,2025-11-27,was_live,True,False,subscriber_only,True
ZCe23gFn3jw,中国首富：陈志｜中国首叛：佘智江｜国家不会让你知道的真相,https://www.youtube.com/watch?v=ZCe23gFn3jw,2025-11-27,was_live,True,False,subscriber_only,True
7pnGdXd0N-U,川普俄乌停火协议，美俄结盟预期引发黄金大牛市｜王小洪缺席公安部与FBI签约谈判会议｜比特币劫案受害者补充法官声明：女孩没有被性侵，中文媒体造谣二次伤害受害人！,https://www.youtube.com/watch?v=7pnGdXd0N-U,2025-11-25,was_live,True,False,subscriber_only,True
zPGaF7xQLXA,老习家高调纪念胡耀邦，团结一批打击一批｜境外迁骨灰怎么办｜各种人生及玄学问题变态的奶奶和19岁新小刘,https://www.youtube.com/watch?v=zPGaF7xQLXA,2025-11-22,was_live,True,False,subscriber_only,True
bp3ZLAg15DY,百刀会大实话：拿幸教、军队腐败、婚姻咨询、中美战争和为什么不能欺负杨澜澜？,https://www.youtube.com/watch?v=bp3ZLAg15DY,2025-11-21,was_live,True,False,subscriber_only,True
1sYDmEAosI4,航天丧事喜办隐瞒风险：3位航天员面临巨大危险｜美团内部通知曝光，变成培养李自成张献忠的温床,https://www.youtube.com/watch?v=1sYDmEAosI4,2025-11-18,was_live,True,False,subscriber_only,True
uR9bT-2Tg7g,皇上快出击吧｜敌人逼上来了｜论中日的真正战略决胜点之琉球独立，时与势都在琉球共和国一边！,https://www.youtube.com/watch?v=uR9bT-2Tg7g,2025-11-17,was_live,True,False,subscriber_only,True
nsXVvt5f1Y4,杨澜澜真相｜纪委如何无限度折磨受害人｜周末玄学大补课,https://www.youtube.com/watch?v=nsXVvt5f1Y4,2025-11-16,was_live,True,False,subscriber_only,True
kPe8baZTO8o,VIP百刀会直播：出门在外直播不便，闲聊几句，下周补两期！,https://www.youtube.com/watch?v=kPe8baZTO8o,2025-11-13,was_live,True,False,subscriber_only,True
PPvTGL1ucw8,解密权贵突然年轻的黑暗产业链｜新疆新冠炼狱｜一个开局地狱模式的少年教友人生自救计划｜为何官司缠身孩子辍学｜上海地主的求救｜二婚家庭教育孩子的问题｜可怜的小圆子｜外甥女不是女儿请保持边界,https://www.youtube.com/watch?v=PPvTGL1ucw8,2025-11-13,was_live,True,False,subscriber_only,True
PMEmWGMEsF8,快来看啊！央视的习张双核心镜头｜人民日报高级黑习近平，忽悠官员“自讨苦吃”｜云南“犬化儿”官方调查基本可信｜英国比特币女王钱志敏的犬化人生｜少妇回信｜一位母亲来信入选变态十强,https://www.youtube.com/watch?v=PMEmWGMEsF8,2025-11-12,was_live,True,False,subscriber_only,True
g0-5ID4pmpc,星舰基地与南帕德罗岛游记｜国富论与环境保护的矛盾｜爱是51%的挂念与帮助+49%的生理高潮｜为什么酒醉之后有人笑有人哭,https://www.youtube.com/watch?v=g0-5ID4pmpc,2025-11-11,was_live,True,False,subscriber_only,True
QUQDK6wefKg,测试直播信号：聊聊得克萨斯,https://www.youtube.com/watch?v=QUQDK6wefKg,2025-11-10,was_live,True,False,subscriber_only,True
cr4kSRiUc8Y,这是一期不能切片含反度太高的视频：张又侠亲历的13军腐败真相｜贵铝集团的来历｜张又侠为什么参加13军｜张又侠同袍崔国栋讨债被枪杀引发的连锁反应｜90年代全军经商的乱象回放,https://www.youtube.com/watch?v=cr4kSRiUc8Y,2025-11-07,was_live,True,False,subscriber_only,True
nD5T3og1oWY,含圣量很高的一期直播｜央视开骂户晨风｜石家庄美团外卖小哥暴力维权｜纽约人选出未来｜习近平再次从军报消失,https://www.youtube.com/watch?v=nD5T3og1oWY,2025-11-06,was_live,True,False,subscriber_only,True
iaV9bhnUxHo,黄金市场突变：中国开始收税每克最高50元意味着什么？｜云南犬化儿童内幕不堪入目｜欧洲小情侣来信炫战果｜相声新规下郭德纲只剩油管一条路,https://www.youtube.com/watch?v=iaV9bhnUxHo,2025-11-04,was_live,True,False,subscriber_only,True
zD_35-CQcHU,长夜漫漫无心睡眠聊聊天放放松快乐助眠一整天,https://www.youtube.com/watch?v=zD_35-CQcHU,2025-11-01,was_live,True,False,subscriber_only,True
ze3pqA4XMU4,VIP直播：海航剧终：不能公开的秘密｜普通人如何正确混入政策决策圈我的经验｜我为什么反习不反党,https://www.youtube.com/watch?v=ze3pqA4XMU4,2025-10-31,was_live,True,False,subscriber_only,True
WNm-AZS6hjk,VIP百刀会直播时间通知｜周五早上10:00，北京周六凌晨1点！,https://www.youtube.com/watch?v=WNm-AZS6hjk,2025-10-31,was_live,True,False,subscriber_only,True
xYChYjiujwk,和老王聊聊天放放松快乐一整天：习主席低调务实访问韩国与川普密谈｜张又侠受到了光子鱼类袭击,https://www.youtube.com/watch?v=xYChYjiujwk,2025-10-30,,,,,False
rOQJq7qXIcs,硬蹭施琅皇上真要打台湾了？｜聊聊黄金下跌｜聊聊A股上涨,https://www.youtube.com/watch?v=rOQJq7qXIcs,2025-10-29,,,,,False
PBEWx5ekdxo,四中全会四大怪：1，为什么抓捕9上将会前官宣异常？2，为什么张升民一枝独秀？3，为什么递补中委跳过军人？4，为什么张又侠快睡着了？,https://www.youtube.com/watch?v=PBEWx5ekdxo,2025-10-28,,,,,False
_6dbZT47PYE,VIP36：美元、黄金与美股，如何抓住黄金大潮，揭秘颐和黄金的商业计划,https://www.youtube.com/watch?v=_6dbZT47PYE,2025-10-24,was_live,True,False,subscriber_only,True
BPOrVwfa_64,中华田园基督徒为什么不能进天堂｜避世修行者的孩子如何重返社会｜犯错误不是关键有没有家族点拨才是关键｜大学同学托梦,https://www.youtube.com/watch?v=BPOrVwfa_64,2025-10-21,,,,,False
OafsSVRhzlk,四中全会召开国内媒体一片死寂｜起底大热胡春华｜二创鸣谢素材来自中日政经频道,https://www.youtube.com/watch?v=OafsSVRhzlk,2025-10-19,,,,,False
dNQKTE0Yyxs,VIP35解密海航2：陈峰的第一桶金｜谁是贯君｜王健为什么必须死！,https://www.youtube.com/watch?v=dNQKTE0Yyxs,2025-10-18,was_live,True,False,subscriber_only,True
bZcbiBq5KPg,VIP35解密海航2：陈峰的第一桶金｜谁是贯君｜王健为什么必须死！,https://www.youtube.com/watch?v=bZcbiBq5KPg,2025-10-18,was_live,True,False,subscriber_only,True
OJPy-m_ewVM,VIP会员直播时间变更通知📢,https://www.youtube.com/watch?v=OJPy-m_ewVM,2025-10-17,was_live,True,False,subscriber_only,True
H2toBdPPc3c,号外：四中全会一网打尽！中央军委官宣大清洗！何卫东苗华习派9将军进秦城！部队只字不提皇上！,https://www.youtube.com/watch?v=H2toBdPPc3c,2025-10-17,,,,,False
p0q9_yilndQ,李强被金正恩公开羞辱｜川普：习近平处于艰难时刻｜四中全会习派不退的后果！,https://www.youtube.com/watch?v=p0q9_yilndQ,2025-10-16,,,,,False
DiUxnGxcFYc,起底两韩1：国父金九与金日成之大韩民国是怎么来的，朝鲜的金太阳是怎么来的,https://www.youtube.com/watch?v=DiUxnGxcFYc,2025-10-14,,,,,False
cV2Nk_qXJE4,稀土大战引爆中美关税155%，TMD川普的TACO草鸡行情又来了！,https://www.youtube.com/watch?v=cV2Nk_qXJE4,2025-10-13,,,,,False
g5Q8NK5fXSE,哇哈哈鲸吞国资路线图：宗馥莉为什么辞职？｜纪委为什么从宏盛开刀？｜,https://www.youtube.com/watch?v=g5Q8NK5fXSE,2025-10-11,,,,,False
mT2qNsfra_E,VIP34揭秘海航（上）｜贯君刘呈杰是谁的私生子｜补足郭文贵不敢提的70%｜海航为何从1000万到2万亿,https://www.youtube.com/watch?v=mT2qNsfra_E,2025-10-09,was_live,True,False,subscriber_only,True
OJHfJG65Hlo,男友确诊癌症分手吗？｜儿子要变性父母怎么办？｜养魂鼎：甘肃再生人张局长是怎么养魂8年的？｜处男读老王爬坡法实践心得｜肾结石患者高潮心得｜列治文回流教友心语｜18岁戾气底层费拉报复社会前的求救信,https://www.youtube.com/watch?v=OJHfJG65Hlo,2025-10-09,,,,,False
42wVr9z_NcA,揭秘金三角大佬5：时与势都在毛泽东一边，连彭家声也投共闹革命去了,https://www.youtube.com/watch?v=42wVr9z_NcA,2025-10-07,,,,,False
EJaKTflEWYk,周末玄学：出马仙为什么会早死或者疯？｜凡人链接阿卡西获得神通的方法｜玄学怀孕｜,https://www.youtube.com/watch?v=EJaKTflEWYk,2025-10-04,,,,,False
-D97AHyMPEg,VIP33稳定币的本质：从去中心化回到中心化｜为什么说稳定币才是人类的未来货币｜稳定币如何稳定｜为什么美国赢了第一局,https://www.youtube.com/watch?v=-D97AHyMPEg,2025-10-03,was_live,True,False,subscriber_only,True
xklmrMQYsFw,频道开播2周年感恩专场：为四中全会成功召开献礼！｜国庆招待会2大看点｜四中全会4大看点！,https://www.youtube.com/watch?v=xklmrMQYsFw,2025-10-02,,,,,False
7NMkIqej9SI,金三角大佬4：缅北双雄时代1962-1998,https://www.youtube.com/watch?v=7NMkIqej9SI,2025-09-30,,,,,False
t9wqxXfa9tg,拿幸教资深教友温哥华见面实录！,https://www.youtube.com/watch?v=t9wqxXfa9tg,2025-09-29,,,,,False
Esk-pbgFaBI,于朦胧母亲的声明系伪造｜教美国教友躲避ICE抓人的择吉时法｜周末玄学大课堂：鬼遮眼实例与科学解读｜出门给儿童叫魂的定向秘法｜或疯或死出马仙的可怜下场｜,https://www.youtube.com/watch?v=Esk-pbgFaBI,2025-09-27,,,,,False
EIj0SVq30Kc,VIP32吴亦凡真相：他到底得罪了谁？,https://www.youtube.com/watch?v=EIj0SVq30Kc,2025-09-26,was_live,True,False,subscriber_only,True
4we_E7f2wPg,金三角教父3:拉拉之王杨二小姐,https://www.youtube.com/watch?v=4we_E7f2wPg,2025-09-25,,,,,False
VfrXVKYyIsU,老罗回国有点心虚，西贝会不会搞罗永浩？｜老贾面色有点黑｜福建舰完成历史性弹射试验,https://www.youtube.com/watch?v=VfrXVKYyIsU,2025-09-23,was_live,True,False,subscriber_only,True
qOhPNS3fAMs,周日紧急声明：关于切片频道主中出现令人发指的恶劣小人行径的震惊简报，利益面前失去底线，拿兴拿兴两年白讲了！,https://www.youtube.com/watch?v=qOhPNS3fAMs,2025-09-22,was_live,True,False,subscriber_only,True
BoUttlFddCM,论人类的劣根性｜偷偷颂几句圣,https://www.youtube.com/watch?v=BoUttlFddCM,2025-09-20,was_live,True,False,subscriber_only,True
Y8PqvMjJYPs,VIP31黑天鹅杀死养鹅人：联储降息黄金看涨水贝金商逆势跑路｜美股再次错过调整风险向下一轮积累｜中国楼市阅兵后逆势大跌无可挽回二房东行业彻底出局｜于朦胧真相,https://www.youtube.com/watch?v=Y8PqvMjJYPs,2025-09-19,was_live,True,False,subscriber_only,True
4SQ87IjNBrg,跨省抓捕罗永浩可研报告｜论于朦胧真相｜户晨风给中国人打开了中国梦的大门,https://www.youtube.com/watch?v=4SQ87IjNBrg,2025-09-18,was_live,True,False,subscriber_only,True
CG4y4tMgpBY,解密金三角教父2：缅甸王李弥，缅北乱局自他开始！（正片21分钟处开始）,https://www.youtube.com/watch?v=CG4y4tMgpBY,2025-09-16,was_live,True,False,subscriber_only,True
RKFYXZGQ41M,周末大瓜：罗永浩摩擦贾国龙，西贝口玉龙！｜UBC大学生人群对查理柯克遇刺的真实反应田野调查统计,https://www.youtube.com/watch?v=RKFYXZGQ41M,2025-09-15,was_live,True,False,subscriber_only,True
KJ8bHjt6qxw,插播：美国刺客抓住了，居然是个传统保守共和党家庭的儿子，论美国大学的堕落｜中元节教友见鬼实录｜哈尔滨猫脸老太太的传说｜拿性教梦中吃鬼剑身健体已经成为新潮流,https://www.youtube.com/watch?v=KJ8bHjt6qxw,2025-09-13,,,,,False
pxzOzjPHzQM,突发：查理柯克演讲时遇刺身亡，影响堪比马丁路德金遇刺｜美国将迎来全面右转时代｜北理工学弟的痛苦｜崔永元在2018｜山西煤老板的求救信｜菩萨警示婚外情,https://www.youtube.com/watch?v=pxzOzjPHzQM,2025-09-11,,,,,False
Fe_I9O4obKs,VIP30金融实战教室：破产重整实操大法｜成为老王来了的会员,https://www.youtube.com/watch?v=Fe_I9O4obKs,2025-09-11,was_live,True,False,subscriber_only,True
KT32KiaWXlk,解密金三角教父1：湄公河的真相,https://www.youtube.com/watch?v=KT32KiaWXlk,2025-09-09,,,,,False
V5W5Y1i4K6A,A股阅兵后出现150岁熊｜论本次大阅兵的4大诡异｜周末玄学之多人梦见阴间大基建,https://www.youtube.com/watch?v=V5W5Y1i4K6A,2025-09-06,,,,,False
jINtOrPs9qM,VIP29：古董车收藏市场与秘籍｜A股出现150岁暴跌：盘点阅兵的4大诡与1大爆,https://www.youtube.com/watch?v=jINtOrPs9qM,2025-09-05,was_live,True,False,subscriber_only,True
5SMMYS3BZjs,93阅兵5大恶心与6大亮点，老王聊几句93阅兵！｜感恩20万粉｜,https://www.youtube.com/watch?v=5SMMYS3BZjs,2025-09-03,,,,,False
OSS0rWbU7oE,印尼屠华元凶成为中国93阅兵贵宾｜天道轮回：揭秘印尼暴乱必排华真相！｜为什么屠夫不受惩罚而成为印尼英雄｜为什么中国政府忍气吞声不敢护侨！,https://www.youtube.com/watch?v=OSS0rWbU7oE,2025-09-02,,,,,False
1CLplJ9hojI,补下半场18+：男性性技巧干货+周末男女真心话大冒险,https://www.youtube.com/watch?v=1CLplJ9hojI,2025-09-01,,,,,False
E02EwYYCFbc,周末上半场玄学：如何看破红尘｜下半场18+：周末男女真心话大冒险,https://www.youtube.com/watch?v=E02EwYYCFbc,2025-08-30,,,,,False
t4QQIxXinUs,VIP28｜郭文贵启示：从反抗者到囚徒｜成为老王来了的会员,https://www.youtube.com/watch?v=t4QQIxXinUs,2025-08-28,was_live,True,False,subscriber_only,True
LB_bS1codRg,范曾使我们又相信爱情了？为什么坏人可以活百岁！｜最后说说张又侠！,https://www.youtube.com/watch?v=LB_bS1codRg,2025-08-28,,,,,False
wQTIpuPKZzM,突发插播：星舰10飞又炸了？！客观评价95分，恢复到十个月前的水平！,https://www.youtube.com/watch?v=wQTIpuPKZzM,2025-08-27,,,,,False
guo8B_8YeMw,我认识的范曾大师：画画的郭沫若｜解密范曾的四个老婆,https://www.youtube.com/watch?v=guo8B_8YeMw,2025-08-26,,,,,False
3cq6cLguW3A,周五玄学：孩子离世的教友心碎来信｜见鬼录3则白天雾状夜晚光斑的人间之鬼与实体化的阴间之鬼｜澳洲塔罗牌美女来信｜澳洲美加白人阴阳师的存在｜真正的射覆之术与超感气功修行｜,https://www.youtube.com/watch?v=3cq6cLguW3A,2025-08-23,,,,,False
FJQsqL3nPCk,VIP27:解密哇哈哈2：为什么让宗馥莉代持？为什么是21亿美元？｜公安教友详解拿兴教的喝茶风险｜解构郭文贵,https://www.youtube.com/watch?v=FJQsqL3nPCk,2025-08-22,was_live,True,False,subscriber_only,True
rEzEzSg4pAw,百态人生：红通来信｜壮汉心声｜短小求助｜美少女回忆｜118空难亲历者来信,https://www.youtube.com/watch?v=rEzEzSg4pAw,2025-08-21,was_live,True,False,subscriber_only,True
Wj6yiRfYx7k,国共恩怨凡夫改命：那些年钻了空子的人们,https://www.youtube.com/watch?v=Wj6yiRfYx7k,2025-08-19,,,,,False
trAm1nrUSdM,周日返场：玄学读信清明梦的解析及18+如何治疗早泄,https://www.youtube.com/watch?v=trAm1nrUSdM,2025-08-18,,,,,False
tJUbBgzUh6w,周末玄学：如何摆脱六道轮回，破瓦法与夺舍法的秘诀,https://www.youtube.com/watch?v=tJUbBgzUh6w,2025-08-16,,,,,False
q0db__EUC7U,VIP26:哇哈哈完全大揭秘｜今日起百刀会半价了，欢迎成为老王来了的会员,https://www.youtube.com/watch?v=q0db__EUC7U,2025-08-15,was_live,True,False,subscriber_only,True
-_3hlvPilac,赞米亚大空难：有多少真相可以胡来？｜你永远不能知道的中国空难真相。｜论中国人的共业与消业的幽默力量,https://www.youtube.com/watch?v=-_3hlvPilac,2025-08-14,,,,,False
yRqD8i5TJNo,1-25分钟突发新闻：解读南海舰队164舰与海警3104舰黄岩岛猛烈互撞｜第25分钟：老王讲历史：预示钓鱼岛必然突发事变！,https://www.youtube.com/watch?v=yRqD8i5TJNo,2025-08-12,,,,,False
7vyM6DBqTAo,玄学周末加更：弗洛伦萨女鬼亲历记｜女M征友｜男教友被猥亵｜巴西水晶矿区修行记,https://www.youtube.com/watch?v=7vyM6DBqTAo,2025-08-10,was_live,True,False,subscriber_only,True
CcsALqR3s7Y,江油VS乌坎｜汪走胡来的故事与228台湾事件｜,https://www.youtube.com/watch?v=CcsALqR3s7Y,2025-08-09,was_live,True,False,subscriber_only,True
83R7_4pxaAU,VIP25：江油上街的真相与费拉洼地的基层组织构造｜成为老王来了的会员,https://www.youtube.com/watch?v=83R7_4pxaAU,2025-08-08,was_live,True,False,subscriber_only,True
qOz2v4fncFw,江青和她的男人们（下）！,https://www.youtube.com/watch?v=qOz2v4fncFw,2025-08-07,,,,,False
tx6EojlPXfI,江青和她的男人们（上）！｜35分钟处开始,https://www.youtube.com/watch?v=tx6EojlPXfI,2025-08-05,,,,,False
UQMhKJYZ6Pw,《南京照相馆》的谎言与歪曲大盘点｜冒名顶替真正的英雄，助长国人戾气｜如今的中国有多少仇恨在传承,https://www.youtube.com/watch?v=UQMhKJYZ6Pw,2025-08-04,,,,,False
7FZ1sf54PNA,中美55%关税中方胜美方败｜埃伯斯坦名单反噬川普，可能输掉中期选举！｜,https://www.youtube.com/watch?v=7FZ1sf54PNA,2025-08-02,,,,,False
-XmY--cM_aM,插播：宗馥莉将完美败诉｜婚内男人能多卑微：小少妇闹离婚逼他结扎，而他真结扎了｜周末读者来信,https://www.youtube.com/watch?v=-XmY--cM_aM,2025-08-02,,,,,False
28bCvjwSR6U,VIP24：大罢免与台湾政治的孤岛演化趋势,https://www.youtube.com/watch?v=28bCvjwSR6U,2025-08-01,was_live,True,False,subscriber_only,True
YgRmuePMHdE,堪察加大海啸冲击加拿大西海岸现场报道｜海啸冲击如何避难？,https://www.youtube.com/watch?v=YgRmuePMHdE,2025-07-30,,,,,False
7oYYOQ-vmJY,插播：谁抓释永信最新内幕｜你想不到的中国首富：卓长仁,https://www.youtube.com/watch?v=7oYYOQ-vmJY,2025-07-29,,,,,False
XSJWCWS5Qm8,长夜漫漫水聊几句：我所知道的释永信｜台湾大罢免为什么会失败？｜老王来了韭菜频道收割办法,https://www.youtube.com/watch?v=XSJWCWS5Qm8,2025-07-27,,,,,False
PuxTPYDVIS0,周末玄学：为天下私生子指明道路｜五猖兵马大元帅？聊齋誌異亲历记。,https://www.youtube.com/watch?v=PuxTPYDVIS0,2025-07-26,,,,,False
oo1CIWuqS8k,论宗庆后是世界上最傻的爸爸，宗馥莉是世界上最可怜的孩子｜男人的责任：你可以管不好火箭，但是必须管好精子,https://www.youtube.com/watch?v=oo1CIWuqS8k,2025-07-25,,,,,False
43e40C1pPnw,VIP23：揭秘为什么东莞扫黄？海南扫黄？,https://www.youtube.com/watch?v=43e40C1pPnw,2025-07-25,was_live,True,False,subscriber_only,True
o_eb6gb3wck,老宗家三号私生子之谜！｜嫡出庶出兄弟姐妹如何面对彼此？|六亲缘薄专场！,https://www.youtube.com/watch?v=o_eb6gb3wck,2025-07-23,,,,,False
7HCgxmkIgss,远平放风蔡公公跳船｜香港特首不念2442咒语｜六亲缘薄专场（下）,https://www.youtube.com/watch?v=7HCgxmkIgss,2025-07-23,,,,,False
zpbSUTT-UAI,帝国风水：雅鲁藏布江发电站仅仅开胃小菜！｜论帝国的大西线工程和雅黄计划,https://www.youtube.com/watch?v=zpbSUTT-UAI,2025-07-21,,,,,False
LKoy9h4n8N8,伪装的改革者：蒋经国与邓小平｜黄文雄、江南，白狼张安乐｜美丽岛与六四，施明德与王炳章,https://www.youtube.com/watch?v=LKoy9h4n8N8,2025-07-17,,,,,False
78J06RyTV70,VIP22：六四的八大冤种真相大揭密和岌岌可危的第九大冤种公安局长们,https://www.youtube.com/watch?v=78J06RyTV70,2025-07-17,was_live,True,False,subscriber_only,True
FnESEDxcOB4,宗庆后庶子信托：论富贵人家中的妻妾与子孙｜宗馥莉对庶子信托的110万美元击穿和二房的愤怒｜谣棍伪造曹刚川的公开信，手艺极其低劣｜网传习近平八月退休,https://www.youtube.com/watch?v=FnESEDxcOB4,2025-07-15,,,,,False
I3VnT_XmUu4,周六加播花姐的十年无性婚姻怎么办？论人道中的性爱与金钱（银两与女人）,https://www.youtube.com/watch?v=I3VnT_XmUu4,2025-07-13,,,,,False
b6LZo6ljWo4,和老程哥喝大了替程大哥给白彬指导几句｜周末超级玄专场：活人被抓去替阴司做假账的工资单实地调查｜安徽蚌埠保家仙的故事｜活人为什么会被鬼跟上以及为什么鬼附体会筋骨疼痛,https://www.youtube.com/watch?v=b6LZo6ljWo4,2025-07-12,,,,,False
CUNOMR6jeYE,VIP21：张又侠的崛起与习按计划八月退休。,https://www.youtube.com/watch?v=CUNOMR6jeYE,2025-07-11,was_live,True,False,subscriber_only,True
yP6YlN1uync,野外生存看看星鏈的速度,https://www.youtube.com/watch?v=yP6YlN1uync,2025-07-10,,,,,False
T2yunI7RUuw,长夜漫漫，搞个偷袭,https://www.youtube.com/watch?v=T2yunI7RUuw,2025-07-09,,,,,False
_oNzqh852-8,关键在于红姐对男根的“懂和会”：揭秘TS的天赋｜为什么中国性爱文明大退化？讲一讲你不知道的民国骚货光明正大乱爱史！,https://www.youtube.com/watch?v=_oNzqh852-8,2025-07-08,,,,,False
Ld4DznkoNWo,“陈老师来了”先生，夏河托我找你！,https://www.youtube.com/watch?v=Ld4DznkoNWo,2025-07-04,,,,,False
pNKY6PcWLBk,政治局会议另立中央，三异常显示习被架空｜达赖发表转世声明开始为身后事布局｜马斯克川普再撕逼，老马有可能投共,https://www.youtube.com/watch?v=pNKY6PcWLBk,2025-07-03,,,,,False
-hQ2MUFb2yM,老王讲党史｜严打：二王抢味精、大妞裸泳枪毙的故事,https://www.youtube.com/watch?v=-hQ2MUFb2yM,2025-07-01,,,,,False
Wn0yMxyLFeE,周日水聊：老王的后宫佳丽治愈了教友破碎的心,https://www.youtube.com/watch?v=Wn0yMxyLFeE,2025-06-30,,,,,False
JVuwxEUmu68,殡仪馆游鬼附体失败案例｜自修仙入精神病院案例｜被边控教友出逃海外特价通道｜易占50根筮草之谜已经揭开,https://www.youtube.com/watch?v=JVuwxEUmu68,2025-06-28,,,,,False
RXCre_nd3Zk,VIP20:抬头看见北极光（上部终）：黄金世纪机遇的发现与高德黄金和颐和黄金的分裂,https://www.youtube.com/watch?v=RXCre_nd3Zk,2025-06-27,was_live,True,False,subscriber_only,True
Ygu0na__iFM,黑公安远洋捕捞操作流程揭秘｜为什么韩国男人普遍很渣（极少例外）,https://www.youtube.com/watch?v=Ygu0na__iFM,2025-06-26,,,,,False
j70TVIiv-7Y,为什么蒋经国私生子姓郭？｜为什么章亚若不可能让王继春上自己，为什么蒋经国日记不可信？,https://www.youtube.com/watch?v=j70TVIiv-7Y,2025-06-24,,,,,False
KhGmzD5qSyA,为什么癌症越來越多，越來越年輕！,https://www.youtube.com/watch?v=KhGmzD5qSyA,2025-06-24,was_live,True,False,subscriber_only,True
7JBceKB2ZV0,我就不信我搞不定个小JB🎤！,https://www.youtube.com/watch?v=7JBceKB2ZV0,2025-06-23,,,,,False
Gyqs_zKksAY,午夜闲聊：美国为何不宣而战，川普声东击西，现在就看伊朗有没有肛了！,https://www.youtube.com/watch?v=Gyqs_zKksAY,2025-06-22,,,,,False
hWupJsNOQ0k,习泽平的改命书｜55岁老年性觉醒了怎么办｜人生励志与迷途故事｜女儿被霸凌跳楼怎么办？,https://www.youtube.com/watch?v=hWupJsNOQ0k,2025-06-21,,,,,False
iePGJo6RJMc,VIP19:百刀会聊聊天💬,https://www.youtube.com/watch?v=iePGJo6RJMc,2025-06-20,was_live,True,False,subscriber_only,True
M-qzeNNkIj0,VIP18:点评白彬案真相｜拿兴教的和平饭店！,https://www.youtube.com/watch?v=M-qzeNNkIj0,2025-06-20,was_live,True,False,subscriber_only,True
z9vElBd8iUs,论李克强行刺小组爆料与低俗小说,https://www.youtube.com/watch?v=z9vElBd8iUs,2025-06-19,,,,,False
9wWzv5p_vA4,论刺杀李克强行动专案组爆料与中国民主低俗小说化｜一封上市公司董事长的流亡海外伸冤信,https://www.youtube.com/watch?v=9wWzv5p_vA4,2025-06-19,,,,,False
iULLZPPzPVg,袁世凯真相（1）：妓院留真情，孙文伪君子，蔡锷真小人,https://www.youtube.com/watch?v=iULLZPPzPVg,2025-06-17,,,,,False
bbt6LNKkBkg,换成我的老苹果手机看看老不老大小眼好了吗,https://www.youtube.com/watch?v=bbt6LNKkBkg,2025-06-17,,,,,False
IkCsP_avCH8,看看还老不老,https://www.youtube.com/watch?v=IkCsP_avCH8,2025-06-17,,,,,False
B8Y-yXjiPVQ,以色列为何骑脸暴打伊朗｜讲讲以色列灭核的前世今生：大哥始终是大哥！｜从巴比伦道果园到崛起狮子,https://www.youtube.com/watch?v=B8Y-yXjiPVQ,2025-06-15,,,,,False
5d9fDG7hjTE,长夜漫漫无心睡眠：初次为人父母的观众来信，谈少儿抑郁症｜孩子的疾病大半来自于父母,https://www.youtube.com/watch?v=5d9fDG7hjTE,2025-06-15,,,,,False
jk50MyLJBYc,解读印度坠机技术细节推测坠机原因，盘点空难规律｜为什么烂尾之皇习近平必不得善终？｜未来中国革命的必然走向与年轻一代中国人的政治历史机遇！,https://www.youtube.com/watch?v=jk50MyLJBYc,2025-06-13,was_live,True,False,subscriber_only,True
Ub3JG3qCJ7s,VIP17:复盘郭文贵得失，预测何时出狱？｜论时代人物的神学使命与悟性面板,https://www.youtube.com/watch?v=Ub3JG3qCJ7s,2025-06-12,was_live,True,False,subscriber_only,True
9l-SMX5UYdU,VIP16:聊聊洛杉矶暴乱的本质与美股走势/户外星链测试,https://www.youtube.com/watch?v=9l-SMX5UYdU,2025-06-11,was_live,True,False,subscriber_only,True
u2_CoxM77g8,VIP15:下周一美股将大跌，美式六四箭在弦上，川乱国一蠢再蠢｜,https://www.youtube.com/watch?v=u2_CoxM77g8,2025-06-09,was_live,True,False,subscriber_only,True
hF2Ta6c0swU,VIP14:马斯克命盘解析未来特斯拉走势｜黄泉路实景及下黄泉鬼道的法术（非专业人士在家勿练）｜密法若干，鬼事若干,https://www.youtube.com/watch?v=hF2Ta6c0swU,2025-06-07,was_live,True,False,subscriber_only,True
xlcD3LsjWmY,VIP13:川普马斯克分手大挖坟，特斯拉暴跌！！！,https://www.youtube.com/watch?v=xlcD3LsjWmY,2025-06-06,was_live,True,False,subscriber_only,True
rCPMr4vfLnQ,VIP12:特斯拉即将创造新低！｜抬头看见北极光5：二逼草莽金牛座与文化小人郎咸平｜江湖：为何有人善遇贵人而有人屡结仇人？,https://www.youtube.com/watch?v=rCPMr4vfLnQ,2025-06-06,was_live,True,False,subscriber_only,True
Gg0_EJ2pdnA,国运临头：袁世凯PK赵紫阳，戏说中国政变史！,https://www.youtube.com/watch?v=Gg0_EJ2pdnA,2025-06-05,,,,,False
C6UKcRqXnzY,勿忘六四，回忆六四真相唤醒青少年的良知，六四专题！,https://www.youtube.com/watch?v=C6UKcRqXnzY,2025-06-04,,,,,False
nWcdnNDuOmg,突发：许其亮心脏病去世，死因与李克强如出一辙｜乌克兰打脸俄罗斯加速世界进度条，战术核武器登场或普京下台,https://www.youtube.com/watch?v=nWcdnNDuOmg,2025-06-03,,,,,False
q2WpObAEDww,周末突袭：感恩17万粉｜哈佛变身中央党校不是今天的事｜论女孩中罕见的丫鬟身子小姐命格,https://www.youtube.com/watch?v=q2WpObAEDww,2025-06-02,was_live,True,False,subscriber_only,True
o73JX-ts-ss,不履行中美瑞士关税停火协议，老川又双被老习耍了｜穷人的孩子早败家,https://www.youtube.com/watch?v=o73JX-ts-ss,2025-06-01,was_live,True,False,subscriber_only,True
H6xXUU5gdZ8,中年人如何走出低谷：论男人的事业女人的性,https://www.youtube.com/watch?v=H6xXUU5gdZ8,2025-05-31,was_live,True,False,subscriber_only,True
XTKnZOa0vus,习继续神隐，家人及陕西领导未出席关中革命博物馆开幕式｜马斯克退出川普草台班子，两人闹翻｜,https://www.youtube.com/watch?v=XTKnZOa0vus,2025-05-29,,,,,False
2GLhuUDS9zc,VIP11:抬头看见北极光4《郎咸平阵斩顾雏军，小王总二文封神》《二文面世黄牛受惊，光裕与根生的格局大不同》,https://www.youtube.com/watch?v=2GLhuUDS9zc,2025-05-29,was_live,True,False,subscriber_only,True
uJ0vpeYN77U,星舰9又炸机了｜自古以来才200年台独与满独历史｜插播特干货：张教授持仓,https://www.youtube.com/watch?v=uJ0vpeYN77U,2025-05-28,was_live,True,False,subscriber_only,True
MgJOhFM8VMg,喝多了闲聊：潜水美女之死，论遵守规则与作弊｜灾与赢的分水岭,https://www.youtube.com/watch?v=MgJOhFM8VMg,2025-05-26,was_live,True,False,subscriber_only,True
cKk--QLdwNk,器官之乱：管窥中小学生失踪与横死的真相｜末法时代五台山的假和尚产业链｜那一年我错过的韩国母女｜,https://www.youtube.com/watch?v=cKk--QLdwNk,2025-05-25,was_live,True,False,subscriber_only,True
JiQbijVqdOU,中产移民《小无知漫游太阳城》：翟山鹰就是小花脸，你就是小无知！｜程慕阳李真大案迫害者刘宏的真实因果报应,https://www.youtube.com/watch?v=JiQbijVqdOU,2025-05-24,was_live,True,False,subscriber_only,True
nQWp8Z87cx4,美股美债美元三杀，长期利好黄金何比特币｜川普白宫痛斥南非老黑总统，令人解气！,https://www.youtube.com/watch?v=nQWp8Z87cx4,2025-05-22,,,,,False
KLAUn8-1PVU,VIP10:抬头看见北极光（3）：师从香港四大家族之李佩才家族，香港大家族的实力、荒唐与没落,https://www.youtube.com/watch?v=KLAUn8-1PVU,2025-05-22,was_live,True,False,subscriber_only,True
oxaJNJdmp0o,习太阳洛阳白马寺洛轴考察的寓意｜该来的终于来了：川普推出黄金穹顶星球大战2.0，针对中国意图明显,https://www.youtube.com/watch?v=oxaJNJdmp0o,2025-05-21,was_live,True,False,subscriber_only,True
dLF9snoyIq0,成为老王来了的会员,https://www.youtube.com/watch?v=dLF9snoyIq0,2025-05-21,was_live,True,False,subscriber_only,True
S-jtx-PT0jA,武汉枪击案死者系黑道老大父子，被公开行刑式仇杀｜习派何宏军上将突然自杀｜国运时刻，北京度过两大关键节点｜疯狂科学家贺建奎挑战疯狂独裁者习老大｜,https://www.youtube.com/watch?v=S-jtx-PT0jA,2025-05-20,was_live,True,False,subscriber_only,True
Plxg84e9XMU,突袭加播俗世成功学：如何于年轻阶段降服汝那颗傻逼之心？,https://www.youtube.com/watch?v=Plxg84e9XMU,2025-05-19,,,,,False
xqoIvlvygy0,孙中山为什么外号孙大炮？揭秘广东军阀陈炯明｜民国人物志系列,https://www.youtube.com/watch?v=xqoIvlvygy0,2025-05-18,,,,,False
w-VGUyZ7QyI,中美贸易谈判何立峰丧权辱国：论习主席才是美国的大救星｜下半场讲鬼故事：唱戏的纸扎小人,https://www.youtube.com/watch?v=w-VGUyZ7QyI,2025-05-17,was_live,True,False,subscriber_only,True
e5QPN-1Dicc,VIP9:《抬头看见北极光》（2）：如何利用太子党与秘书帮，老美股市破万点开始于命中出现，王京阳与叶静子，暗恋张泉灵，大嫂的雪白肉体！,https://www.youtube.com/watch?v=e5QPN-1Dicc,2025-05-15,was_live,True,False,subscriber_only,True
LpLFRSk5XqY,揭穿一切邪教：老王手把手教你制造邪教，宗教就是这样炼成的！｜论邪教与宗教的没有区别,https://www.youtube.com/watch?v=LpLFRSk5XqY,2025-05-15,was_live,True,False,subscriber_only,True
Nl6e_mj1mjE,拿兴教外遇少妇的困扰：我是廉价妓女还是享受人生？｜一大堆人生十字路口教友来信！拿兴教是棋盘路？,https://www.youtube.com/watch?v=Nl6e_mj1mjE,2025-05-14,was_live,True,False,subscriber_only,True
_mnJMVa3-rE,川普怂了：中美贸易战第一回合结束，论川普犯了蒋委员长剿匪的错误！｜未来60日美股走势、黄金走势、日元、人民币走势清晰见底,https://www.youtube.com/watch?v=_mnJMVa3-rE,2025-05-13,was_live,True,False,subscriber_only,True
jQQm1ejLV-c,母亲节喝多了，睡不着聊聊天：论列治文人民共和国是世界上最好的中国人居住区,https://www.youtube.com/watch?v=jQQm1ejLV-c,2025-05-12,was_live,True,False,subscriber_only,True
38e9eo457m0,心灵按摩与算命，福祸相依凡人善用命书改命｜哈萨丫头的故事｜变性人能改命吗｜,https://www.youtube.com/watch?v=38e9eo457m0,2025-05-10,was_live,True,False,subscriber_only,True
eWmr3h2OJcY,阵风战机败北，幻影2000咋办？,https://www.youtube.com/watch?v=eWmr3h2OJcY,2025-05-09,was_live,True,False,subscriber_only,True
E9zVsuoSbJo,VIP8:长篇资本市场纪实连载《抬头看见北极光》1：入得皇城拌水边,https://www.youtube.com/watch?v=E9zVsuoSbJo,2025-05-08,was_live,True,False,subscriber_only,True
IlwAOhYVqIU,母子连心的惊人命书案例分享，与观众共同见证人类的奇特预知梦,https://www.youtube.com/watch?v=IlwAOhYVqIU,2025-05-07,was_live,True,False,subscriber_only,True
4ErJYWHFxNc,资本之神巴菲特亮牌：选日本弃中国｜习四中全会退总书记保留国家主席军委主席｜泽连斯基瞄准红场阅兵，习头铁坚持亲自测试｜变性人的命运之树走向｜,https://www.youtube.com/watch?v=4ErJYWHFxNc,2025-05-06,was_live,True,False,subscriber_only,True
308dzlWHzK0,VIP（7）：东莞的繁华、没落与胡春华的魅影,https://www.youtube.com/watch?v=308dzlWHzK0,2025-05-05,was_live,True,False,subscriber_only,True
gw_ZC9Nxmoo,一个纯GAY的痛苦自白｜理工学妹婚外情困惑｜多伦多老板观众风水格局破财生病亲历记｜,https://www.youtube.com/watch?v=gw_ZC9Nxmoo,2025-05-04,was_live,True,False,subscriber_only,True
eFNAwgQ9w9E,周末玄学与家庭、两性特辑瞎胡聊,https://www.youtube.com/watch?v=eFNAwgQ9w9E,2025-05-03,was_live,True,False,subscriber_only,True
Yo8hb3k3O9k,回忆狼教授为什么毅然放弃美国教职，报效祖国？｜周末玄学与家庭、两性特辑瞎胡聊,https://www.youtube.com/watch?v=Yo8hb3k3O9k,2025-05-03,was_live,True,False,subscriber_only,True
603gpYMfiS0,VIP直播（6）：中国证券市场回忆录之假账风云｜成为老王来了的会员，手把手帮你做假账,https://www.youtube.com/watch?v=603gpYMfiS0,2025-05-01,was_live,True,False,subscriber_only,True
it3ZIAYkg6U,美股上涨，传言中美达成初步共识｜伊朗大爆炸是摩萨德点了中国出口的固体导弹燃料｜加拿大保守党败选博励志可能辞职,https://www.youtube.com/watch?v=it3ZIAYkg6U,2025-04-30,was_live,True,False,subscriber_only,True
NEIaV-PaY6o,美国不再民主｜从灯塔到利益，评未来三十年五大矛盾之下的美国可控衰落。,https://www.youtube.com/watch?v=NEIaV-PaY6o,2025-04-29,was_live,True,False,subscriber_only,True
tK86FneDUJ8,教皇方济各之死：上帝插手，人皇觉悟，一场葬礼改写的人类未来与金融市场走向,https://www.youtube.com/watch?v=tK86FneDUJ8,2025-04-28,was_live,True,False,subscriber_only,True
0wGidcWCLgQ,天生反贼孙中山（下）｜何以解忧？成为老王来了的会员可以解忧！,https://www.youtube.com/watch?v=0wGidcWCLgQ,2025-04-27,,,,,False
GsaVRwjZoyg,最新命理实践证明：拉拉和基佬是命中注定的｜雪白肌肤小少妇的迷茫｜成为老王来了的会员可以解忧,https://www.youtube.com/watch?v=GsaVRwjZoyg,2025-04-26,was_live,True,False,subscriber_only,True
Unm4-Gqu2S4,天生反骨孙中山（上）,https://www.youtube.com/watch?v=Unm4-Gqu2S4,2025-04-24,was_live,True,False,subscriber_only,True
19UZM3H16Gg,VIP直播（5）｜中国资本市场回忆录之上古造系：唐万新、肖建华起家的故事｜还记得那本褪色的新财富吗？,https://www.youtube.com/watch?v=19UZM3H16Gg,2025-04-24,was_live,True,False,subscriber_only,True
LLRR8Lry1xQ,体制内男女（男男）关系的相乡心三大学｜论北理工同性恋大瓜！｜注：我不是同性恋！,https://www.youtube.com/watch?v=LLRR8Lry1xQ,2025-04-23,was_live,True,False,subscriber_only,True
BIUgDzxZQB0,美股、黃金、瑞郎的邏輯｜习刚结束印支三国巡幸即遭背叛，新加坡国母澳洲总理也开始讼圣！,https://www.youtube.com/watch?v=BIUgDzxZQB0,2025-04-22,was_live,True,False,subscriber_only,True
X_z7qVkEQiA,周末阴阳大法会：欧美入妹指南之多年经验分享+链接。。。,https://www.youtube.com/watch?v=X_z7qVkEQiA,2025-04-20,was_live,True,False,subscriber_only,True
yvDGmsTwSU0,号外插播：加拿大大选关键时刻！起来！不愿去投票的人们！,https://www.youtube.com/watch?v=yvDGmsTwSU0,2025-04-19,was_live,True,False,subscriber_only,True
DFMPxoEZ2KY,周末玄学专场之：黄鼠狼迷人与预测梦的真实体验｜各种有关妖魔鬼怪的信,https://www.youtube.com/watch?v=DFMPxoEZ2KY,2025-04-19,was_live,True,False,subscriber_only,True
Q-efYZLAsVM,VIP直播（4）：中国证券市场繁花初绽与胎毒,https://www.youtube.com/watch?v=Q-efYZLAsVM,2025-04-18,was_live,True,False,subscriber_only,True
6X9PBH7RGn4,428加拿大大选投什么人？30个问题手把手教你选择执政党！赠澳洲大选指南！,https://www.youtube.com/watch?v=6X9PBH7RGn4,2025-04-17,,,,,False
cS-XhEfNHps,人间奇葩来信集：白虎女孩｜私生子的困惑｜叔我太有钱了没方向了怎么办？,https://www.youtube.com/watch?v=cS-XhEfNHps,2025-04-16,was_live,True,False,subscriber_only,True
RIwagKAUltY,李大钊何来绞刑这么洋的死法？｜为什么是张作霖？｜为什么苏联对大使馆被砸睁一只眼闭一只眼？,https://www.youtube.com/watch?v=RIwagKAUltY,2025-04-15,was_live,True,False,subscriber_only,True
Cw-w7btEHh8,15万粉感恩：长夜漫漫无心睡眠，骂几句人！,https://www.youtube.com/watch?v=Cw-w7btEHh8,2025-04-14,was_live,True,False,subscriber_only,True
imOT3X131o8,VIP直播（3）：萨满文化的真相与凡人破壁的思考,https://www.youtube.com/watch?v=imOT3X131o8,2025-04-13,was_live,True,False,subscriber_only,True
wJppGxpsj3s,中美谁会是赢家？｜输赢46开｜打败川普的唯一手段：保持乌龟队形｜中国人民或许成最大赢家,https://www.youtube.com/watch?v=wJppGxpsj3s,2025-04-12,was_live,True,False,subscriber_only,True
pY-5yrghnhY,真正的原谅是不再耿耿于怀，致童年拥有恶父毒母的不幸教友们,https://www.youtube.com/watch?v=pY-5yrghnhY,2025-04-11,was_live,True,False,subscriber_only,True
OKh3fiWXWa0,VIP直播（2）：绝色小人妖,https://www.youtube.com/watch?v=OKh3fiWXWa0,2025-04-11,was_live,True,False,subscriber_only,True
zkNpq6OuV5k,川普掀桌子不演了：只打中国｜未来的世界只有站队和战斗，人民币面临新低，热战一触即发,https://www.youtube.com/watch?v=zkNpq6OuV5k,2025-04-10,was_live,True,False,subscriber_only,True
gmWxbz6CrrA,巴菲特如是说：IC卡贸易战解决方案｜川普版与巴菲特版的同与不同,https://www.youtube.com/watch?v=gmWxbz6CrrA,2025-04-09,was_live,True,False,subscriber_only,True
MPozrZr52J8,VIP首播1：抬头望见北极光,https://www.youtube.com/watch?v=MPozrZr52J8,2025-04-09,was_live,True,False,subscriber_only,True
4bTn_Pwu8J4,为何习中风成为众望所归？｜论川普关税战与胡佛关税战的本质区别？,https://www.youtube.com/watch?v=4bTn_Pwu8J4,2025-04-08,was_live,True,False,subscriber_only,True
xFxFOn-1RS0,论郭美美收费为什么越来越贵？｜送给全天下的真爷们一句话：因为一次绿帽子离婚者非蠢即坏｜,https://www.youtube.com/watch?v=xFxFOn-1RS0,2025-04-06,was_live,True,False,subscriber_only,True
H04Hl04QQX4,论美股迎来川普大熊市｜1，论美股底部与时间窗口。2，为什么中国不可能妥协。3，黄金与比特币的戏剧性未来。4，日本在MAGA新世界的定位与日元牛市。,https://www.youtube.com/watch?v=H04Hl04QQX4,2025-04-05,was_live,True,False,subscriber_only,True
uMF7AMwCFaM,王纯抢了我的梦想，成为第一个飞上太空的中国普通人。,https://www.youtube.com/watch?v=uMF7AMwCFaM,2025-04-03,was_live,True,False,subscriber_only,True
PqZs54ld0P8,上海不忘记眼泪：上海人回忆疫情人祸劫难,https://www.youtube.com/watch?v=PqZs54ld0P8,2025-04-03,,,,,False
3EixRItbt-E,再论打台湾的新战法｜黑人网红甲亢哥折射中国年轻人媚美宠美｜王志安一根筋网爆瞎子｜,https://www.youtube.com/watch?v=3EixRItbt-E,2025-04-02,was_live,True,False,subscriber_only,True
lpOiN6It1rQ,诈捐元祖康有为：假革命真发财，银两女人我都要！,https://www.youtube.com/watch?v=lpOiN6It1rQ,2025-04-01,,,,,False
_fgs6Mc3l9k,新冠妖人搞垮上海，北漂按摩师叶财德！｜论二代公子哥为什么接不住富爸爸的企业？,https://www.youtube.com/watch?v=_fgs6Mc3l9k,2025-03-31,,,,,False
viN1QVzDS_c,中国碳14核电池即将改变世界，美国宇航员差点困死在外太空｜老王聊物理,https://www.youtube.com/watch?v=viN1QVzDS_c,2025-03-30,,,,,False
jXBoI2bwgDY,论男孩如何过情关？王志民二骂小碧池！4:00后有声音！,https://www.youtube.com/watch?v=jXBoI2bwgDY,2025-03-29,,,,,False
5xvRaxJVuEk,逼习退位，不像内斗更像交班：论李嘉诚的投名状｜人币加币澳元汇率还有20%下跌空间｜論佛國佛教與佛法,https://www.youtube.com/watch?v=5xvRaxJVuEk,2025-03-28,was_live,True,False,subscriber_only,True
_ulj_crM-TI,韭菜命格谈国是，网红亚亚深喉误吞电炮，下一个轮到恩绮和小微？论共产专政的舆论独占性！,https://www.youtube.com/watch?v=_ulj_crM-TI,2025-03-27,,,,,False
HBDhC-VUBJ8,老梁这个死老头儿居然笑话我娶女博士，他明明就是吃不到葡萄说葡萄酸！,https://www.youtube.com/watch?v=HBDhC-VUBJ8,2025-03-26,,,,,False
F0qtFlHbom0,周末户外聊高潮与白道,https://www.youtube.com/watch?v=F0qtFlHbom0,2025-03-24,,,,,False
KLYW14E5RQo,中共风向突变真相：为什么放过嘉诚打夹头｜老习家捞了多少？美国要出报告！｜周末玄学鬼故事（下）,https://www.youtube.com/watch?v=KLYW14E5RQo,2025-03-23,was_live,True,False,subscriber_only,True
Iw9Sbi7_EE4,习国师忠诚不绝对，玄学解析云贵之旅｜司马南跑了！｜马斯克急了｜周末玄学会客厅,https://www.youtube.com/watch?v=Iw9Sbi7_EE4,2025-03-22,was_live,True,False,subscriber_only,True
CcteFH1D7ZU,红烧嘉诚白灼马，扒一扒我党的抢钱史｜朱德的扁担，毛泽东与希特勒的贸易，绝命毒师张思德，荒野大镖客白求恩,https://www.youtube.com/watch?v=CcteFH1D7ZU,2025-03-21,,,,,False
C7dEqbz75wU,聊聊家庭与性，脸红耳热的男女技术专题｜如何应付渣男｜我和我的炮友们｜00后失足女求助,https://www.youtube.com/watch?v=C7dEqbz75wU,2025-03-20,,,,,False
TFQo52flsSA,特斯拉股价将下跌到1XX美元｜黄金市场3000打底｜元老院答应习动武统一台湾的三个条件｜美国是否会放弃台湾，是否会变成第二个乌克兰？,https://www.youtube.com/watch?v=TFQo52flsSA,2025-03-19,was_live,True,False,subscriber_only,True
e2rHqk5wOvc,张又侠和李强谁是身带弓之人？｜捞女如何pua接盘侠,https://www.youtube.com/watch?v=e2rHqk5wOvc,2025-03-18,was_live,True,False,subscriber_only,True
px9nW2aL4_s,李嘉诚再次选边站，遭到中共痛批！｜痛苦的婚外情少妇来信,https://www.youtube.com/watch?v=px9nW2aL4_s,2025-03-17,was_live,True,False,subscriber_only,True
d545GYRrmVE,厅局大战穿在一个假字！？｜生活的压力与生命的尊严哪一个重要？加钱！,https://www.youtube.com/watch?v=d545GYRrmVE,2025-03-16,,,,,False
23WjKRbpJFQ,习近平扑空，赵乐际逃过一劫｜越南开始整治体制改革走向西方发达国家｜温哥华移民六年家破人散｜男女双修密码｜论精神上战胜父亲,https://www.youtube.com/watch?v=23WjKRbpJFQ,2025-03-16,was_live,True,False,subscriber_only,True
23eo7AT9fvM,张又侠兵变大势已成，习军中最后亲信被抓！｜周末玄学：一个房地产大佬的忏悔人生,https://www.youtube.com/watch?v=23eo7AT9fvM,2025-03-15,,,,,False
KuA4FVGGBNE,天下第一渣男：郭沫若｜刷三观历史人物系列,https://www.youtube.com/watch?v=KuA4FVGGBNE,2025-03-14,,,,,False
twXeBhMJOd8,川普力挺特斯拉：谁砸店我们让你在地狱煎熬！｜美股继续下跌，穷爸爸的机会来了！,https://www.youtube.com/watch?v=twXeBhMJOd8,2025-03-13,,,,,False
QgjPqoUFHys,王志安给洼地男人打样儿：家不和万事休！｜男人如何伺候月子！,https://www.youtube.com/watch?v=QgjPqoUFHys,2025-03-12,,,,,False
7I4cUNshScA,美股原油比特币同时暴跌，金价坚挺，下一个时代投资如何配比？,https://www.youtube.com/watch?v=7I4cUNshScA,2025-03-11,,,,,False
foOeYzuOfc4,新地点信号测试,https://www.youtube.com/watch?v=foOeYzuOfc4,2025-03-10,,,,,False
DsdAOnx0dGo,闲聊房中术：中国女人为什么爱找黑人|中老年妇女如何青春永驻？｜成年人火箭如何增粗增长？,https://www.youtube.com/watch?v=DsdAOnx0dGo,2025-03-09,,,,,False
Rn-altg23kU,周末玄洋会：新冠期间大批亡灵是如何接引的｜可怕的偷生娘娘｜替死鬼夺舍害人｜脏东西附体自救法,https://www.youtube.com/watch?v=Rn-altg23kU,2025-03-08,,,,,False
7RXEcQkNluc,紧急通知！关于算命！,https://www.youtube.com/watch?v=7RXEcQkNluc,2025-03-08,,,,,False
bdbAhqw5JK0,两会证明习军权彻底歇菜！｜实话实说老王的移民经历｜年轻气盛时精心策划的北三环献忠大事件,https://www.youtube.com/watch?v=bdbAhqw5JK0,2025-03-07,,,,,False
JfCwHNpTGqo,民族英雄汪精卫（下集）｜同盟会高知刺客七人组｜日本泛亚主义者援华秘史,https://www.youtube.com/watch?v=JfCwHNpTGqo,2025-03-06,,,,,False
e2CFYSG7oYc,教友玄学预测今上本月辞职｜美股连续两天下跌，世界大变局已经开始｜川普再次变化美加关税又有新说法｜迪拜取代缅甸成为新时代电诈中心,https://www.youtube.com/watch?v=e2CFYSG7oYc,2025-03-05,,,,,False
uAPyCJw9_J0,历史上真实的汪精卫（上）｜身先士卒一诺千金的真君子,https://www.youtube.com/watch?v=uAPyCJw9_J0,2025-03-04,,,,,False
q4ntXhlGTao,心在旅途，身在江湖：论修行人的身心100%控股权｜阴差酒后吐箴言如何躲避黑白无常｜纹身少妇又来信这次不能不说实话了,https://www.youtube.com/watch?v=q4ntXhlGTao,2025-03-02,,,,,False
MnTc2NhzCAk,特大新闻：小泽万斯当众白宫打架，川普把泽连斯基撵出白宫！｜中国躺赢取得与鹅爹翻脸的王炸,https://www.youtube.com/watch?v=MnTc2NhzCAk,2025-03-01,,,,,False
Cib6IM0wPTg,皇帝戴绿帽子的境界，女人如何返老还童｜七星连珠意味着什么？｜上海纹臀美少妇来信｜,https://www.youtube.com/watch?v=Cib6IM0wPTg,2025-02-28,,,,,False
ea1KhhL5Jzw,美俄结盟近平急眼：对着普京喊三个字！｜川普关税战一日三变坑死马斯克，特斯拉暴跌！,https://www.youtube.com/watch?v=ea1KhhL5Jzw,2025-02-27,,,,,False
a3uhNgFiBdY,大清垮台，竟无一人是男儿？｜尊王攘夷睦仁天皇对华夏正统的执念与大清王室的致命错误｜袁世凯两个真正的竞争对手,https://www.youtube.com/watch?v=a3uhNgFiBdY,2025-02-26,,,,,False
xyOoYQ2AZDk,弱者颅内的共同体：中国｜为什么中华民国不叫嚣收回越南与朝鲜，却敢叫嚣收回海参崴,https://www.youtube.com/watch?v=xyOoYQ2AZDk,2025-02-25,,,,,False
xWR_anifM44,中国房地产虚假复苏难掩加速下滑大势,https://www.youtube.com/watch?v=xWR_anifM44,2025-02-23,,,,,False
lNHuwnR_pOE,二极管纷纷破防的俄乌战争泛斯拉夫视角｜玄学：惊恐症/鬼运活人/流产诅咒,https://www.youtube.com/watch?v=lNHuwnR_pOE,2025-02-22,,,,,False
K8v3h9vFf5U,平账大圣孙殿英与平账六君子的憋屈人生｜颠覆你认知的东陵大盗历史真相,https://www.youtube.com/watch?v=K8v3h9vFf5U,2025-02-20,,,,,False
GwSPPgtNztg,看完电影无心睡眠，饺子是个同性恋？,https://www.youtube.com/watch?v=GwSPPgtNztg,2025-02-19,,,,,False
BDNzNEyHuTE,论中国人的13岁少年年龄段特质和修行人内心的恐惧、逃避与挂碍,https://www.youtube.com/watch?v=BDNzNEyHuTE,2025-02-19,,,,,False
v2innfoVEfA,习近平接见民企代表，排座次大有学问，马云沦为陪衬｜川普甩飞乌克兰，王毅出柜｜曹兴诚小三激吻半裸照曝光，曹甩锅AI不拿幸,https://www.youtube.com/watch?v=v2innfoVEfA,2025-02-18,,,,,False
pU--ikrVB8U,180度大转弯，习近平怂了？｜马斯克再添一子｜同性恋女孩的来信,https://www.youtube.com/watch?v=pU--ikrVB8U,2025-02-16,,,,,False
tUyD-5p6suU,长夜漫漫：论薛蛮子的采阴补阳之成就｜大卵按摩促火箭法｜瞎子算命的功力｜论妓女的阴德贡献,https://www.youtube.com/watch?v=tUyD-5p6suU,2025-02-15,,,,,False
Hgy__DBFIGM,哪吒2之你是如何被洗脑的｜致敬龙珠世界中的哪吒｜穷人也移民之加拿大篇｜洼地费拉监狱即景｜护身符的功效与使用寿命,https://www.youtube.com/watch?v=Hgy__DBFIGM,2025-02-14,,,,,False
DszkblVdL3s,习川斗法：死猪PK狂犬,https://www.youtube.com/watch?v=DszkblVdL3s,2025-02-13,,,,,False
4XFXr2lEu5Y,惊爆丁薛祥被废｜人民币汇率滑向7.5｜特斯拉FSD与比亚迪颠覆智驾游戏规则｜欧盟紧急召开AI峰会自救｜中国应该尽快出台供应链中小企业保护办法,https://www.youtube.com/watch?v=4XFXr2lEu5Y,2025-02-12,,,,,False
tHy5ppy9ckM,薛蛮子又中了谁的埋伏｜上帝原谅妓女必先原谅荒野大镖客（最后半小时说点电视台不让播的）,https://www.youtube.com/watch?v=tHy5ppy9ckM,2025-02-11,,,,,False
zztYGbnbPQs,100年前国际金融市场与反贼圈融资路线图｜揭秘孙中山与列宁的A轮内幕,https://www.youtube.com/watch?v=zztYGbnbPQs,2025-02-09,,,,,False
KmrRBJ7AnJg,喜提绿帽子怎么办？｜生活的压力与生命的尊严哪一个重要？,https://www.youtube.com/watch?v=KmrRBJ7AnJg,2025-02-09,,,,,False
G-EAm5orz1g,亲属刷下限，可怜大S无法入土为安｜教友活见鬼的真实故事｜亡灵也爱听老王说书｜玻璃心勿看：论731部队的逻辑,https://www.youtube.com/watch?v=G-EAm5orz1g,2025-02-08,,,,,False
debBOC2ffYM,传习春节期间二次脑梗｜论人民多么容易被欺骗与愤怒：还原真实的民国军阀割据时代,https://www.youtube.com/watch?v=debBOC2ffYM,2025-02-07,,,,,False
fehldqE1Kp0,川普公布美国接管加沙｜姚大人债主三投胎的故事｜搬运视频播主的来信｜,https://www.youtube.com/watch?v=fehldqE1Kp0,2025-02-06,,,,,False
7AvGA7aATK8,爆笑历史：卖台奸商乃木希典｜东乡叔叔有一根长长的望远镜,https://www.youtube.com/watch?v=7AvGA7aATK8,2025-02-05,,,,,False
VQdV_VoGJV0,真实历史：中日关系是怎么一步一步搞砸的,https://www.youtube.com/watch?v=VQdV_VoGJV0,2025-02-03,,,,,False
POvSAPc4nMc,阿尔伯塔有望率先公投，川普稳扎稳打分加拿大而治之｜英伟达黄仁勋通匪，面临川普怒火｜聊一聊这利益埋葬了理想的世纪,https://www.youtube.com/watch?v=POvSAPc4nMc,2025-02-02,,,,,False
swuFfA7wXrw,习近平的Ai治国与惠更斯摆共振洗脑｜对着佛像产生性欲怎么办｜修仙的偏门：吸毒修真派来信｜,https://www.youtube.com/watch?v=swuFfA7wXrw,2025-02-01,,,,,False
NyQq0yH928I,华盛顿撞机，大批花样滑冰精英身亡｜一脚踢碎翻墙出来找大国自信的玻璃心｜把美股吓蹦的中国AI，更大的灾难还在后边,https://www.youtube.com/watch?v=NyQq0yH928I,2025-01-31,,,,,False
DAH1YtIkD9M,李鬼KO李逵：套壳AI唬住李强习近平，一举击碎华尔街泡沫,https://www.youtube.com/watch?v=DAH1YtIkD9M,2025-01-30,,,,,False
jXB1LetOKAE,沈阳超市门口｜古代网红，绍兴人精，在最安全处呐喊的：鲁迅本人,https://www.youtube.com/watch?v=jXB1LetOKAE,2025-01-27,,,,,False
v0-Npie8N_A,习本命年踏八卦去东北躲星，蔡奇红绳系乳再获宠幸｜玄学：地球上的异世界能量入口与人血的邪门作用｜小S女儿遇鬼｜00后大长腿被大叔包养的周冬雨同款小姑娘来信,https://www.youtube.com/watch?v=v0-Npie8N_A,2025-01-25,,,,,False
alRho93moKU,直播开箱Youtube银牌！没见过包装吧？｜如何做起来一个自媒体频道？,https://www.youtube.com/watch?v=alRho93moKU,2025-01-24,,,,,False
4fMb_3E4n7w,习准备支付“重大代价”与川普交易台湾｜妙瓦底背后的治国逻辑：陈胜嘎吴广的腰子,https://www.youtube.com/watch?v=4fMb_3E4n7w,2025-01-23,,,,,False
wvNwY8umjFQ,实话实说美国吞并加拿大的前因后果｜加拿大只能带枪投共或成为美国的一个州吗？,https://www.youtube.com/watch?v=wvNwY8umjFQ,2025-01-22,,,,,False
IplVD60GrXE,川普就职典礼：韩正主桌在投降儀式下，台湾坐小孩桌｜中国官方默默给美国国务卿改名解套｜川普习近平通电话后央视又开始爱美国了,https://www.youtube.com/watch?v=IplVD60GrXE,2025-01-21,,,,,False
gQpD7EV0IDg,换妻来信：如何看穿丈夫发动换妻游戏的潜台词｜高岛流的短板与六爻的补正：女教友求离婚时间的占例｜,https://www.youtube.com/watch?v=gQpD7EV0IDg,2025-01-20,,,,,False
Xjr6gW5D5O8,国共史上最大胆的假证儿｜周恩来是如何当上黄埔军校政治部主任的｜炒股跳黄浦江的戴季陶，扫地僧张申府，牛逼哄哄张太雷，同道中人邓演达，跳窗死邵元冲：那些改变中国历史的凡夫俗子,https://www.youtube.com/watch?v=Xjr6gW5D5O8,2025-01-18,,,,,False
ftnIsn7uUd0,天眼通查看星舰7爆炸原因｜又要劝人离婚了｜中年男女的婚姻与性危机,https://www.youtube.com/watch?v=ftnIsn7uUd0,2025-01-17,,,,,False
DvhgUnDy9U8,走下神坛的周总理：为情所困的中共第一女装大佬｜领先100年的LGBT政治家｜解读周恩来一生拒绝做老大的谜团,https://www.youtube.com/watch?v=DvhgUnDy9U8,2025-01-16,,,,,False
BpoeQVK5WpA,小红书成了美国热销第一，老王再一次淹没于白种SB的洪流中！｜中国共产党被美国地下党逼疯的真实故事｜美帝国主义的卢比孔河，川普正式画出罗马本部势力范围,https://www.youtube.com/watch?v=BpoeQVK5WpA,2025-01-15,,,,,False
Pbqdswp10gk,谁是习近平的接班人｜盘点天下大乱时的废太子：从100年前孙文、段祺瑞、张勋、曹瑞到毛岸英林立果薄瓜瓜的生态位,https://www.youtube.com/watch?v=Pbqdswp10gk,2025-01-14,,,,,False
TXZc4IWJPzs,长夜漫漫无心睡眠：习张斗，到底还打不打台湾？｜穷生奸计，富长良心，聊聊中国人的下限在哪里？｜越南都特么开始改革了！,https://www.youtube.com/watch?v=TXZc4IWJPzs,2025-01-13,,,,,False
KL39YVkbMUA,分享别人的人生故事：遇百鬼不侵的明牌与内省｜玄门的腥与尖｜如何解痴呆儿之劫｜黄金投资破“我”执｜一个基督徒美少女的叛逆,https://www.youtube.com/watch?v=KL39YVkbMUA,2025-01-12,,,,,False
O9qNAwE2aZE,突发新闻卡特总统国葬上演大宫斗｜川普背叛重罪成立免于服刑｜川普吞并加拿大的合法程序｜习时代百万中国人偷渡｜高善文被立案调查｜陈奕迅曼谷演唱会取消｜上海进全球5强市,https://www.youtube.com/watch?v=O9qNAwE2aZE,2025-01-11,,,,,False
v7tMqnjXJnE,拐卖星星的真相：10万元人民币被卖了猪仔｜你不知道的倒车帝、汪文斌、泰国黑警察、星星、电诈新势力、柬埔寨的闭环,https://www.youtube.com/watch?v=v7tMqnjXJnE,2025-01-10,,,,,False
rQdtfEJh79k,洛杉矶大火现场取卦：风火家人之火风旅。（第57分钟开始取卦）,https://www.youtube.com/watch?v=rQdtfEJh79k,2025-01-10,,,,,False
MWuJaEXyus4,直播第26分钟遇到洛杉磯大火中断｜牧馬人之死（上）｜平行世界中曲啸老师精神崩溃的谣言故事（原创阎润涛老师，播讲大老王）,https://www.youtube.com/watch?v=MWuJaEXyus4,2025-01-08,,,,,False
EADDUXGxLaA,突发新闻特鲁多辞职｜无锡荣家举族迁往加拿大,https://www.youtube.com/watch?v=EADDUXGxLaA,2025-01-07,,,,,False
PRr77r5wCVw,其实女人比男人更好色｜闻香识男人之公母关系少走弯路篇｜16岁以下禁入,https://www.youtube.com/watch?v=PRr77r5wCVw,2025-01-05,,,,,False
aq-t2A0zU_s,A股将很快跌回2800点｜A股救市的必败逻辑,https://www.youtube.com/watch?v=aq-t2A0zU_s,2025-01-04,,,,,False
nHM1ooMRtWM,2025洛杉矶新年第一播｜聊聊轻松的话题：班农为啥死磕马斯克，郭文贵出来吗？,https://www.youtube.com/watch?v=nHM1ooMRtWM,2025-01-03,,,,,False
YqEisDHyDko,2025新年专场：活在平行宇宙的今上,https://www.youtube.com/watch?v=YqEisDHyDko,2025-01-01,,,,,False
86zWnEnxsb0,赵薇黄有龙和许宗衡的不可能三角｜十万克大病初愈张将军悬了｜莫桑比克大排华解放军假装没看见,https://www.youtube.com/watch?v=86zWnEnxsb0,2024-12-31,,,,,False
YQY6HawwYMs,霍金为什么遭到现世报｜上师活佛的甘露丸是怎么做的｜211计算机道士的天体照命论｜看美剧学会流利英语的学渣小教友,https://www.youtube.com/watch?v=YQY6HawwYMs,2024-12-29,,,,,False
NouwbQpPFgk,美国英雄路易吉｜被打土豪反腐的高官之子来信｜女大学生如何面对变态老教授性骚扰｜为什么基督教最适合韭菜命格,https://www.youtube.com/watch?v=NouwbQpPFgk,2024-12-28,,,,,False
UYZG1gVIyZY,毛主席的第一桶金｜最早的带资入组创业者｜中国第一风投章士钊,https://www.youtube.com/watch?v=UYZG1gVIyZY,2024-12-27,,,,,False
FBzIkSzs2os,世纪假冒：毛岸英（下）｜“通缩有什么不好？”十万克何不识肉糜｜,https://www.youtube.com/watch?v=FBzIkSzs2os,2024-12-25,,,,,False
VufF1rPt0Jk,新中国最大骗局：毛岸英毛岸青是假冒的｜中国近现代第一自私男张学良,https://www.youtube.com/watch?v=VufF1rPt0Jk,2024-12-24,,,,,False
qqPZ4a_YM1w,从李宜雪想到孙志刚｜从蒋梅毒推动中华民族伟大复兴发动淞沪会战看台湾进入最危险的时间,https://www.youtube.com/watch?v=qqPZ4a_YM1w,2024-12-23,,,,,False
EEro_4emTLA,我看到过前世的照片｜做人的十个层次｜算命的多变量函数，多通道约束本质,https://www.youtube.com/watch?v=EEro_4emTLA,2024-12-22,,,,,False
GOFBQ97R-YY,美股、黄金缘何同步大跌｜习与台海之战是推背图第几相｜孩子教育选择美国还是加拿大｜蒋介石策划淞沪会战与高尚君子汪精卫的真相,https://www.youtube.com/watch?v=GOFBQ97R-YY,2024-12-19,,,,,False
o2nwGjkQbZQ,龙虾改命法，洼地小费拉如何突破苦命魔咒｜远洋捕捞打死企业家,https://www.youtube.com/watch?v=o2nwGjkQbZQ,2024-12-18,,,,,False
Rjyi8BbohJE,高善文演讲比付鹏更反，周期率直指十万克,https://www.youtube.com/watch?v=Rjyi8BbohJE,2024-12-17,,,,,False
FG3rwI5o6l0,实话实说，大城市的孩子都应该送出国｜父母的三大准则｜多子女的拿性与不拿性,https://www.youtube.com/watch?v=FG3rwI5o6l0,2024-12-16,,,,,False
nEezgTGniWQ,戏十万克玄学读信专场：了解不一样的人生｜解答边控越境问题｜,https://www.youtube.com/watch?v=nEezgTGniWQ,2024-12-13,,,,,False
1_Q1DGhoi24,深圳大白天烧人，高层住宅隐患无穷｜何卫东金丝雀1号缺席中央会议，蔡奇金丝雀2号继续神隐｜俞关长吞枪掩护谁｜,https://www.youtube.com/watch?v=1_Q1DGhoi24,2024-12-12,,,,,False
UjID8ijPJDc,中央政治局会议重走温家宝老路｜刘源上书给今上添堵｜川普关税态度怂了｜韩国开抓政变八人帮｜中国制裁英伟达,https://www.youtube.com/watch?v=UjID8ijPJDc,2024-12-11,,,,,False
nAE7wD5y7Ew,瓜瓜救母心切中了埋伏｜纵身跃入洼地粪坑｜回忆薄熙来王立军大粪坑的高光时刻,https://www.youtube.com/watch?v=nAE7wD5y7Ew,2024-12-10,,,,,False
wW1ZhHBZpmc,独家解读习孤独坐于台下｜叙利亚变天，大马士革竟无一人是男儿｜苗华落马习张斗，董军露面难保平安｜川普提前上台创造历史奇迹,https://www.youtube.com/watch?v=wW1ZhHBZpmc,2024-12-09,,,,,False
1SrHnTBCXTI,不能想：为什么今上注定成不了伟大的皇帝,https://www.youtube.com/watch?v=1SrHnTBCXTI,2024-12-07,,,,,False
5GrLvxATQNU,薄瓜瓜发文称薄家遭某正国级领导人设局陷害｜习率军委全体班子高调亮相辟谣｜川普制裁加拿大的真相｜郭文贵可能很快高调复出,https://www.youtube.com/watch?v=5GrLvxATQNU,2024-12-06,,,,,False
ALd5ixulNpc,揭秘解放军第一猛将张又侠｜蔡尔津成了政变金丝雀｜秦城候补委员会名单大预测,https://www.youtube.com/watch?v=ALd5ixulNpc,2024-12-05,,,,,False
r8dLMfFy8qI,韩国军管：尹锡悦给习近平打了个样儿｜解读付鹏下集：唱响中国经济黑暗论之需求与有效需求，中国80-90后活死人的一代,https://www.youtube.com/watch?v=r8dLMfFy8qI,2024-12-04,,,,,False
64ODfJvDAaY,付鹏就差喊习近平下课｜唱响中国经济完蛋论｜论付鹏炮打司令部,https://www.youtube.com/watch?v=64ODfJvDAaY,2024-12-03,,,,,False
ze07PsZLYfQ,薄瓜瓜自比哈姆雷特｜贵人八反之不爱美妾爱侍儿是什么梗｜玄学后续信件,https://www.youtube.com/watch?v=ze07PsZLYfQ,2024-12-01,,,,,False
JlCpju2C_CE,道教真人传道轮回弟子箴言录（1:30:00开始）｜姥爷从去世到投胎全记录｜山西夜宿荒山群鬼入梦记｜论韭菜的秩序与公平,https://www.youtube.com/watch?v=JlCpju2C_CE,2024-11-30,,,,,False
09XPqLBgsR0,张又侠为什么抓苗华｜下一个是何卫东吗｜中央军委分裂的后果,https://www.youtube.com/watch?v=09XPqLBgsR0,2024-11-29,,,,,False
3Ngcn8qFfWQ,悍然断更：无人机真来了｜人妖为什么叫妖｜老王讲物理：力、空间和时间是大脑🧠被植入的虚假概念,https://www.youtube.com/watch?v=3Ngcn8qFfWQ,2024-11-28,,,,,False
CveoCGZ8wNM,范冰冰杨澜拿下马斯克他妈｜张又侠打造枪指挥党｜川普遭遇蓝金黄有点怂｜乌克兰战争上帝视角,https://www.youtube.com/watch?v=CveoCGZ8wNM,2024-11-27,,,,,False
AARPSFE36wg,想起徐明了，聊聊徐明之死与背后的黑幕,https://www.youtube.com/watch?v=AARPSFE36wg,2024-11-26,,,,,False
VSPiwPKKnrc,返场：点评紫薇斗数大老王命盘破解,https://www.youtube.com/watch?v=VSPiwPKKnrc,2024-11-25,,,,,False
LQu4QbSLJH8,张又侠逼习四中退位庆功尚早｜薄瓜瓜婚宴照片曝光他也老了｜比特币两天爆仓14万人｜潮汕闭店反抗｜我想资助吴柳芳,https://www.youtube.com/watch?v=LQu4QbSLJH8,2024-11-25,,,,,False
44ySMBi5_F4,周末玄学故事：国际通用骗子骗加州韩国大妈200万美元的故事｜上海女人割子宫乳房安装充气电动阴茎改变命运的故事｜北京被刨根女孩开天眼的故事,https://www.youtube.com/watch?v=44ySMBi5_F4,2024-11-23,,,,,False
Edf4k63SgiI,习原来是镇墓兽天降｜乌克兰挨了一枚洲际导弹国际金价暴涨｜人如何能改变命运,https://www.youtube.com/watch?v=Edf4k63SgiI,2024-11-22,,,,,False
0BSPq-QhMyM,命越算越薄吗？大师能否改命？,https://www.youtube.com/watch?v=0BSPq-QhMyM,2024-11-21,,,,,False
vgFSpg7Axmw,习根本就没说这句话｜星舰6是政治路演发射｜马斯克是DOGE狗狗币庄家｜乌克兰放飞自我川普虚张声势不敢打仗,https://www.youtube.com/watch?v=vgFSpg7Axmw,2024-11-20,,,,,False
VOPVjKSHF_g,论玄学的两大领域和三个层次，论美股投资，论A股不彻底改造必然崩盘,https://www.youtube.com/watch?v=VOPVjKSHF_g,2024-11-18,,,,,False
DneCFBCpXGY,插播新闻：无锡发生特大报复社会案，观众爆料与警方版本不同,https://www.youtube.com/watch?v=DneCFBCpXGY,2024-11-17,,,,,False
BT7J0n7llis,A股又一轮3300点保卫战｜薄先太子入主台湾｜黄圣依离婚扬子前妻长得真不错,https://www.youtube.com/watch?v=BT7J0n7llis,2024-11-16,,,,,False
-kkjLDZ0Tqk,论今上情绪化治国｜必将引爆俄罗斯入侵中国｜中国年轻人的“心”崩坏了,https://www.youtube.com/watch?v=-kkjLDZ0Tqk,2024-11-15,,,,,False
Q4Ps5Bv9S8w,张又侠雷霆清洗习家军上将｜李强开始放“除夕”假了｜川普任命“张绍忠”担任国防部长｜最后告诉大家一个暴富新项目,https://www.youtube.com/watch?v=Q4Ps5Bv9S8w,2024-11-14,,,,,False
5X1TycpEK_g,大献忠珠海血流成河｜朱令案烂尾｜川普取缔教育部重用卢彪,https://www.youtube.com/watch?v=5X1TycpEK_g,2024-11-13,,,,,False
a8hyjW-wevk,叔，我是你的迷弟，请教我如何成为像你一样的男人,https://www.youtube.com/watch?v=a8hyjW-wevk,2024-11-11,,,,,False
OMqilDym7Bs,老志愿军团长成仙记｜我看到的台海战争片段｜用高岛易断夜总会嫖娼｜东京预知梦小狐仙｜大老王的命盘,https://www.youtube.com/watch?v=OMqilDym7Bs,2024-11-10,,,,,False
4IQE7-pdynA,评川普新政20条：以牙还牙，以流治氓｜普京公开变节今上哭晕在厕所｜法国背刺今上向台海派出航母｜旧金山有望率先再次伟大｜伊万卡做实冷宫｜周末教友家政时间：美国家暴上庭记｜,https://www.youtube.com/watch?v=4IQE7-pdynA,2024-11-09,,,,,False
_14P5TCQFb0,川普当选人民币暴跌｜今上贺电迫不及待少了6个字｜央视画风大变不敢得罪川普｜拜登发表演说做实最快乐的民主党人｜川普任命第一位内阁大臣｜马斯克闻到血与火责令供应链搬出台湾｜中国餐饮大败局｜加拿大爆印度内战,https://www.youtube.com/watch?v=_14P5TCQFb0,2024-11-08,,,,,False
RL2M_RhUESM,美国许三观卖血记｜习近平考察军队无人陪｜翟山鹰愿赌服输｜教友急募温哥华刑事律师,https://www.youtube.com/watch?v=RL2M_RhUESM,2024-11-07,,,,,False
cbVJUxyn7Kk,返场：大选结果出来了，为什么川普得票区间必然落在280-300票,https://www.youtube.com/watch?v=cbVJUxyn7Kk,2024-11-06,,,,,False
z0v7-A5Kq1w,美国面临内战级危机｜圣上遇难蔡奇说话突然不贱了｜远洋捕捞如何预防｜淫棍毛奇有下落了,https://www.youtube.com/watch?v=z0v7-A5Kq1w,2024-11-05,,,,,False
Jke_Wcu42Dw,李嘉誠又踩點起跑了｜川普放话不承认败选｜西班牙洪灾二百殉难包括4大佬｜温哥华华裔市长家被泼油漆｜松鼠花生是什么梗？,https://www.youtube.com/watch?v=Jke_Wcu42Dw,2024-11-03,,,,,False
OSXNy6VIz5A,朱镕基发功传位于歧山，习再添新堵｜刘姥姥婚内出轨睡鲜肉床话曝光人气暴涨不塌楼｜上海出现反常｜加拿大要饭有门槛了,https://www.youtube.com/watch?v=OSXNy6VIz5A,2024-11-02,,,,,False
3hPUh2FURNA,川普又悬了，提前投票不乐观｜美股大跌会计师跑路｜朝鲜兵没见过无人机初战风暴军团全军覆没｜马斯克100万无罪贿选继续钻空子｜蝙蝠女石正丽高调复出苍天无眼,https://www.youtube.com/watch?v=3hPUh2FURNA,2024-11-01,,,,,False
YZZrZ6cehtY,中国推出的十万亿救市计划：狼又来了｜经济下行4000元一条命｜上海面临1981年以来最大暴雨｜川普支持者都是“垃圾”｜马斯克预言川普当选美国经济危机近在眼前｜我家为什么抵制“万圣节”,https://www.youtube.com/watch?v=YZZrZ6cehtY,2024-10-31,,,,,False
4RP7toOTlRA,习近平让谁三尺又何妨｜激流勇退还是引蛇出洞,https://www.youtube.com/watch?v=4RP7toOTlRA,2024-10-30,,,,,False
yQBzhUVsRJs,论今上慈禧式割地｜张又侠篡位式出访越南,https://www.youtube.com/watch?v=yQBzhUVsRJs,2024-10-29,,,,,False
mawtzaSFQV0,我几十枚比特币丢了怎么办？｜周末玄学与大家交交心,https://www.youtube.com/watch?v=mawtzaSFQV0,2024-10-27,,,,,False
rCLeRosX0Ys,2008:中国私人黄金金融业的覆灭｜聊聊芮成钢,https://www.youtube.com/watch?v=rCLeRosX0Ys,2024-10-26,,,,,False
yc1mgpCJ13k,再会，沙白：一期让你泪崩的节目,https://www.youtube.com/watch?v=yc1mgpCJ13k,2024-10-25,,,,,False
M2tkPHZUjDk,阿Q痛打小尼姑：杨笠是谁？｜刘强东｜郎咸平｜吴秀波｜五岳散人｜翟山鹰｜刘仲敬｜芮成钢,https://www.youtube.com/watch?v=M2tkPHZUjDk,2024-10-24,,,,,False
oMQYr4Krmmc,国际金价为什么暴涨｜黄金吹大老王金口开光,https://www.youtube.com/watch?v=oMQYr4Krmmc,2024-10-23,,,,,False
u2sPyOHqO_c,王歧山向张又侠示好：金钱+军队,https://www.youtube.com/watch?v=u2sPyOHqO_c,2024-10-22,,,,,False
K_RmjcV1Jd8,七万粉感恩：拿幸教是一个美女、神棍与黄金的真诚窝点,https://www.youtube.com/watch?v=K_RmjcV1Jd8,2024-10-20,,,,,False
-LVMYa6rwcY,周末读信：癌心脏病等各类病中教友求助信，阳病与阴病的对立统一关系,https://www.youtube.com/watch?v=-LVMYa6rwcY,2024-10-19,,,,,False
qeBC1NxByIw,揭秘王歧山为何必然出事,https://www.youtube.com/watch?v=qeBC1NxByIw,2024-10-18,,,,,False
zAtnibSw_m8,为什么特斯拉股价上看1000，下看100,https://www.youtube.com/watch?v=zAtnibSw_m8,2024-10-16,,,,,False
7EMyPgYM1A0,星门开启，特斯拉大跌｜人类的愚蠢在星际无地自容,https://www.youtube.com/watch?v=7EMyPgYM1A0,2024-10-15,,,,,False
py9hg801u3Y,周末玄学：DIY判断被鬼冲撞和跟随的症状和解毒法,https://www.youtube.com/watch?v=py9hg801u3Y,2024-10-13,,,,,False
N5qf-fl5H4o,一条损耗在行军路上的三文鱼,https://www.youtube.com/watch?v=N5qf-fl5H4o,2024-10-13,,,,,False
oMIIWYDDkqI,私家农场三文鱼回流直播,https://www.youtube.com/watch?v=oMIIWYDDkqI,2024-10-12,,,,,False
A_gZNts9n5A,论大选与温哥华房价走势,https://www.youtube.com/watch?v=A_gZNts9n5A,2024-10-12,,,,,False
Ra47Hy_gi0c,历史多次证明：A股疯牛之后必然暴跌！｜插播：BC省投票大选,https://www.youtube.com/watch?v=Ra47Hy_gi0c,2024-10-10,,,,,False
DQePjKc2Qq4,华人如何参与2024BC省大选,https://www.youtube.com/watch?v=DQePjKc2Qq4,2024-10-10,,,,,False
9VGlG4F1LT8,玄学专场：婴灵的病例与如何送婴灵与冤亲债主往生,https://www.youtube.com/watch?v=9VGlG4F1LT8,2024-10-09,,,,,False
k3QV0xF9PEc,中国需要妻妾成群长子继承｜日本式自我阉割小资情怀｜如何逃离养老院屎尿屁的结局,https://www.youtube.com/watch?v=k3QV0xF9PEc,2024-10-08,,,,,False
Qdp2h6lOh_Q,“撒币牛”A股到底有多坑？｜20分钟处开始正文,https://www.youtube.com/watch?v=Qdp2h6lOh_Q,2024-10-06,,,,,False
l4uX52rTCsM,撒币救市，牛市必不持久｜治本有二策，一曰治魂二曰治身,https://www.youtube.com/watch?v=l4uX52rTCsM,2024-10-05,,,,,False
Lu2pCTXkfac,论美国大选中国人的中庸策略：两个魔鬼中选一个｜特朗普上台后的台海战争与伊朗国王复国,https://www.youtube.com/watch?v=Lu2pCTXkfac,2024-10-03,,,,,False
KKILpSdL1H4,开播周年庆：岁月不太平，拿幸得安宁！,https://www.youtube.com/watch?v=KKILpSdL1H4,2024-10-02,,,,,False
6wcbzbsvTn8,A股146家公布减持！蠢人当政坏人割韭菜，一个大股东与股民互道SB交错而过的世界！,https://www.youtube.com/watch?v=6wcbzbsvTn8,2024-09-30,was_live,True,False,,False
t82gESlWovQ,测试新麦克风大疆的,https://www.youtube.com/watch?v=t82gESlWovQ,2024-09-29,was_live,True,False,public,False
j88Bv1hjM_g,周末农场直播：一封写给坐台小姐的观众来信｜加拿大华人买汽车旅馆生意的一地鸡毛,https://www.youtube.com/watch?v=j88Bv1hjM_g,2024-09-29,was_live,True,False,public,False
XZoupAbxCIw,郭文贵如何一战成名：盘点资本市场豪杰烟尘,https://www.youtube.com/watch?v=XZoupAbxCIw,2024-09-28,was_live,True,False,public,False
bOnwg3q7qVM,邪教教主YOUTUBE治国，刚说完就有政策，看到这消息，我泪流满面,https://www.youtube.com/watch?v=bOnwg3q7qVM,2024-09-27,was_live,True,False,public,False
JXfUp0KW82s,200斤小本本不够用，缺席世界盟主大会！,https://www.youtube.com/watch?v=JXfUp0KW82s,2024-09-26,was_live,True,False,public,False
RR2k5VHYYKA,吴清抄错我作业，证监会互换便利救市只能造成股市大逃杀,https://www.youtube.com/watch?v=RR2k5VHYYKA,2024-09-25,was_live,True,False,public,False
wXA27rSg-WQ,习太可怕：没人想当中国首富｜人人自危的中国富豪榜,https://www.youtube.com/watch?v=wXA27rSg-WQ,2024-09-24,was_live,True,False,public,False
Shulq9MFHQ4,九月玄学之收鬼实录｜翟老师18岁的时候误入女澡堂的故事,https://www.youtube.com/watch?v=Shulq9MFHQ4,2024-09-22,was_live,True,False,public,False
M2oX2nJEObY,御医暴死之谜：尚爱加医生傲骨长存？｜平行时空旅行见闻录：汪王治下的中国人民币兑美元3.3的国际化之旅,https://www.youtube.com/watch?v=M2oX2nJEObY,2024-09-21,was_live,True,False,public,False
FjWAshUUAME,经济向下张献忠向上：被扔下楼的刘厅长｜仇恨教育硕果累累：在华日本小孩比抗战时期还危险,https://www.youtube.com/watch?v=FjWAshUUAME,2024-09-20,was_live,True,False,public,False
xjpkNTYrbi4,从黄春华被仙人跳聊聊男人裤裆里那点儿事儿，泼天的财色？接不住啊！｜石斑鱼去世，恐怖分子炸蛋,https://www.youtube.com/watch?v=xjpkNTYrbi4,2024-09-19,was_live,True,False,public,False
fAiDnipMHj4,论美联储降息后黄金价格走势和美元对黄金的大幅宽松预期,https://www.youtube.com/watch?v=fAiDnipMHj4,2024-09-19,was_live,True,False,public,False
vj5gfqYbu2c,首席女红卫兵去世｜首席男红卫兵快了：中国经历的疯狗乱咬时代,https://www.youtube.com/watch?v=vj5gfqYbu2c,2024-09-18,was_live,True,False,public,False
BoHUzv0b3dk,测试星链第三套设备,https://www.youtube.com/watch?v=BoHUzv0b3dk,2024-09-17,was_live,True,False,public,False
7p4tsatUxmI,论习近平是宋神宗转世灵童｜插播新闻川普再遇刺｜,https://www.youtube.com/watch?v=7p4tsatUxmI,2024-09-17,was_live,True,False,public,False
IHgptqEL3Yw,8700投资银行家护照被缴，嘲笑跑路都跑不到点儿上，混吃等死的傻逼同行儿们！,https://www.youtube.com/watch?v=IHgptqEL3Yw,2024-09-15,was_live,True,False,public,False
hQ0maBksJx8,最新消息：天津UFO疑似美军TR3B，居然火控锁定歼11,https://www.youtube.com/watch?v=hQ0maBksJx8,2024-09-14,was_live,True,False,public,False
1eRzB5ncUBE,无人机背黑锅，天津机场被UFO大规模干扰，公开羞辱解放军空防部队,https://www.youtube.com/watch?v=1eRzB5ncUBE,2024-09-13,was_live,True,False,public,False
4d09SMxAI1I,先踢低端人口，再灭十万孤儿。娘娘心软，见不得孤儿！,https://www.youtube.com/watch?v=4d09SMxAI1I,2024-09-12,was_live,True,False,public,False
Yxsc5WZGdh8,杀官灭门，咸阳五人组预示着大洪水即将来临,https://www.youtube.com/watch?v=Yxsc5WZGdh8,2024-09-11,was_live,True,False,public,False
IeJFGfflrQQ,A股2700，刘纪鹏不敢说的真话：习的中国不需要股市！,https://www.youtube.com/watch?v=IeJFGfflrQQ,2024-09-10,was_live,True,False,public,False
xQsOtUIizhU,周末畅聊儿童教育：老王给孩子报什么班？,https://www.youtube.com/watch?v=xQsOtUIizhU,2024-09-08,was_live,True,False,public,False
kDIP8JeSvVM,亲历90年代凶杀日常｜测字是真的吗｜娱乐打猎如何伤运势｜小孩子如何收魂压惊,https://www.youtube.com/watch?v=kDIP8JeSvVM,2024-09-07,was_live,True,False,public,False
6Iheic9vf0M,男人绝不能娶的女人｜男女情绪不稳的密码｜资本运作之黑道风云,https://www.youtube.com/watch?v=6Iheic9vf0M,2024-09-06,was_live,True,False,public,False
rxBT2QvTpsU,加拿大央行宣布第三轮降息，加元将升值还是贬值？,https://www.youtube.com/watch?v=rxBT2QvTpsU,2024-09-05,was_live,True,False,public,False
6C9kCsHCr3c,援助越多，破产越快？中共经济奴役非洲是西方的污蔑吗？,https://www.youtube.com/watch?v=6C9kCsHCr3c,2024-09-05,was_live,True,False,public,False
sNDeAXUmc9o,赖清德戳中中俄软肋｜青岛女坐骑军方暗中点火,https://www.youtube.com/watch?v=sNDeAXUmc9o,2024-09-04,was_live,True,False,public,False
33qVmWB43lc,不忍家暴不分男女｜手把手教你幸福家庭三密码：孩子、积分、优雅,https://www.youtube.com/watch?v=33qVmWB43lc,2024-09-01,was_live,True,False,public,False
OXy54VCJl7c,周末大森林里放松一下，最后半小时观众点歌卖唱，卖艺不卖身,https://www.youtube.com/watch?v=OXy54VCJl7c,2024-08-31,was_live,True,False,public,False
LbuDgsg-dL0,沙利文无功而返，张又侠小人得志，今上柔弱无梦，中美冷战不可逆转,https://www.youtube.com/watch?v=LbuDgsg-dL0,2024-08-30,was_live,True,False,public,False
z9xwVcvqHwQ,聊聊十年之后再考虑抄底波音公司｜深度分析波音困境,https://www.youtube.com/watch?v=z9xwVcvqHwQ,2024-08-29,was_live,True,False,public,False
ckpV_P1H9Vs,ADSD小孩儿自家治愈案例｜铁板神数推今上2024-2026大劫数,https://www.youtube.com/watch?v=ckpV_P1H9Vs,2024-08-28,was_live,True,False,public,False
GKW0FhfplYs,家政专场：暴力萝莉打奶奶杀妈妈，送爸爸进警局怎么办？｜孩子的命运与天数：为什么孩子不要算铁板神数,https://www.youtube.com/watch?v=GKW0FhfplYs,2024-08-27,was_live,True,False,public,False
c0VEDupNBbE,仅限白天观看：1，七月鬼门开小儿多惊厥｜2，读取阿卡西云大法｜3，抑郁症与割腕｜4，惊厥收魂法｜5，铁板神数小儿不宜,https://www.youtube.com/watch?v=c0VEDupNBbE,2024-08-25,was_live,True,False,public,False
Yp3rlsN_8Fs,今上或已拍板：PLA特战部队保卫莫斯科,https://www.youtube.com/watch?v=Yp3rlsN_8Fs,2024-08-25,was_live,True,False,public,False
-hwzthZ49tw,英国富豪麦克林奇灭门｜所有同谋一网打尽｜110亿美元触发的世界真相,https://www.youtube.com/watch?v=-hwzthZ49tw,2024-08-24,was_live,True,False,public,False
dDztwORhgss,被边控如何跑路,https://www.youtube.com/watch?v=dDztwORhgss,2024-08-23,was_live,True,False,public,False
2ABsnf8pT2k,论戒断中国人的劣根性｜男人如何成为一家之主,https://www.youtube.com/watch?v=2ABsnf8pT2k,2024-08-22,was_live,True,False,public,False
pej0CqMHur8,皇帝的新鞋：今上实锤大病初愈，并没有使用替身,https://www.youtube.com/watch?v=pej0CqMHur8,2024-08-21,was_live,True,False,public,False
tMUguzFW6q8,回忆90年代北京人做土匪的日子：我的老乡白宝山与鹿宪州,https://www.youtube.com/watch?v=tMUguzFW6q8,2024-08-19,was_live,True,False,public,False
kn_LH07IolA,饿死在出租屋的乡村答题家：底层出路在何方？有多少当官的倔强可以重来！,https://www.youtube.com/watch?v=kn_LH07IolA,2024-08-18,was_live,True,False,public,False
A9d3wBEAKFc,当纪委开始搜刮普通人，大陆国人如何踏稳逃难的第一步,https://www.youtube.com/watch?v=A9d3wBEAKFc,2024-08-17,was_live,True,False,public,False
nIUh16bCEoU,八零后熟悉的味道，回忆、真相与未来｜为什么我们拿幸教不信鬼神也不是反贼,https://www.youtube.com/watch?v=nIUh16bCEoU,2024-08-16,was_live,True,False,public,False
huFIpuurUR0,到底嘎了没？今上奇门遁甲终身局大破解！,https://www.youtube.com/watch?v=huFIpuurUR0,2024-08-15,was_live,True,False,public,False
xGV69jpwylM,神隐一个月，今上终于有了消息,https://www.youtube.com/watch?v=xGV69jpwylM,2024-08-14,was_live,True,False,public,False
hVboYGQ5rSg,普京又双叒翻车，灭国战争打成了卫国战争，乌克兰戏剧性入侵俄罗斯。,https://www.youtube.com/watch?v=hVboYGQ5rSg,2024-08-13,was_live,True,False,public,False
tAb0nRcsEjk,湾区工程师KAYAK海钓遇难，惨到众筹丧葬费？｜盘一盘这些年追求自由而横死的灵魂,https://www.youtube.com/watch?v=tAb0nRcsEjk,2024-08-12,was_live,True,False,public,False
eS52KdvRqJ4,刷新三观下限：遗骨流入整形市场，尸肉流入餐厅汤底,https://www.youtube.com/watch?v=eS52KdvRqJ4,2024-08-10,was_live,True,False,public,False
FPCICAej7Cs,北京江苏批保“惯蛋”之争，低能儿们复刻文革海瑞罢官2.0：这一局蔡奇斗李强,https://www.youtube.com/watch?v=FPCICAej7Cs,2024-08-09,was_live,True,False,public,False
A-EZXVpMadA,从相对幸福学会绝对幸福，举国奥运模式应该立即叫停！,https://www.youtube.com/watch?v=A-EZXVpMadA,2024-08-08,was_live,True,False,public,False
MxM2U1c1GsI,俞敏洪受辱活该：别扯什么民族大业，面对皇帝新衣，大佬们不走就是散德行！,https://www.youtube.com/watch?v=MxM2U1c1GsI,2024-08-07,was_live,True,False,public,False
jPsC5TTLGi0,今上是否肝移植陷入昏迷？解析今上的命书第二季,https://www.youtube.com/watch?v=jPsC5TTLGi0,2024-08-05,was_live,True,False,public,False
Fgz2zRyrVJw,铁板神数曝今上命书｜国运兴亡历历在目,https://www.youtube.com/watch?v=Fgz2zRyrVJw,2024-08-04,was_live,True,False,public,False
hJN_3rgm4go,揭秘人民币汇率暴涨，四要素合力人民币未来破7不是梦。,https://www.youtube.com/watch?v=hJN_3rgm4go,2024-08-03,was_live,True,False,public,False
Rgzo6cK2ERA,再次预警：美股恐进入氛围式衰退，芯片股下跌，战争股启动。,https://www.youtube.com/watch?v=Rgzo6cK2ERA,2024-08-02,was_live,True,False,public,False
_2__NkwZF0U,东莞往事2：树立社会主义正确女票女昌观,https://www.youtube.com/watch?v=_2__NkwZF0U,2024-08-01,was_live,True,False,public,False
eqMnoDlEvd0,胡锡进折戟沉沙幸免牢狱之灾｜夜路走多终见鬼，讲讲网友鬼故事,https://www.youtube.com/watch?v=eqMnoDlEvd0,2024-07-31,was_live,True,False,public,False
IAXt3by5Gck,解放军司令因没带手机惨死医院｜顺带讲讲金融圈的王昕昱们的捞女乱像,https://www.youtube.com/watch?v=IAXt3by5Gck,2024-07-30,was_live,True,False,public,False
7MrwcPJhZ0I,梅山派请雷、封窍、驱鬼｜没见过的灵异世界真相,https://www.youtube.com/watch?v=7MrwcPJhZ0I,2024-07-29,was_live,True,False,public,False
S5MutKQOB-I,温哥华每年一度的海上飞行表演和烟花节,https://www.youtube.com/watch?v=S5MutKQOB-I,2024-07-28,was_live,True,False,public,False
3ORqbN-so8E,论一尊三中中风，又侠发动兵变重归改开。,https://www.youtube.com/watch?v=3ORqbN-so8E,2024-07-27,was_live,True,False,public,False
YLjqlQNG8x8,预言大师Last DAY再发神论：大萧条即将到来，美欧沦落，中国崛起,https://www.youtube.com/watch?v=YLjqlQNG8x8,2024-07-26,was_live,True,False,public,False
4v3ueHl-czs,加州归来，川普的经济政策展望,https://www.youtube.com/watch?v=4v3ueHl-czs,2024-07-25,was_live,True,False,public,False
RXbD83cePkA,大隐于狱：我眼中的郭总统，聊聊郭文贵被定罪,https://www.youtube.com/watch?v=RXbD83cePkA,2024-07-24,was_live,True,False,public,False
eIklTfDaCjo,平行世界川普已经遇刺，美特工时空穿越改变历史！美国的国运转变,https://www.youtube.com/watch?v=eIklTfDaCjo,2024-07-17,was_live,True,False,public,False
8drdJnjNS7A,80年代北京人体特异功能研究所异闻录及吐槽女博士水陆法会,https://www.youtube.com/watch?v=8drdJnjNS7A,2024-07-15,was_live,True,False,public,False
T-N9n218pws,加播突发特大事件：川普遇刺，今天的后果，影响全球未来走势。,https://www.youtube.com/watch?v=T-N9n218pws,2024-07-14,was_live,True,False,public,False
LCZT1tyHlqs,温哥华夏日海上聊天室,https://www.youtube.com/watch?v=LCZT1tyHlqs,2024-07-14,was_live,True,False,public,False
AjGBl30Zvcw,累了一天与网友聊聊闲，应聘白人加拿大女孩的女婿者须知！,https://www.youtube.com/watch?v=AjGBl30Zvcw,2024-07-12,was_live,True,False,public,False
ZYy4P90tU4U,燃料油车运食用油算什么，互害下的中国食品正在为人类进入星际大航海时代培育新质食物链,https://www.youtube.com/watch?v=ZYy4P90tU4U,2024-07-11,was_live,True,False,public,False
vhNrCw_Q038,中国式离婚二：一石激起千层浪，中国人儒家腐朽思想蚀骨剜心,https://www.youtube.com/watch?v=vhNrCw_Q038,2024-07-10,was_live,True,False,public,False
OCF6tXxTkQs,午夜成人场：中国式离婚与出轨｜互害社会的婚内传播：分手见人品三部曲,https://www.youtube.com/watch?v=OCF6tXxTkQs,2024-07-09,was_live,True,False,public,False
S5-oQ16FZmQ,鬼故事集锦：三足乌，校园阴气，小狐仙,https://www.youtube.com/watch?v=S5-oQ16FZmQ,2024-07-07,was_live,True,False,public,False
VaOV5E4czRY,周末直播：盲人按摩师及其他观众后续报道跟踪和有趣的故事,https://www.youtube.com/watch?v=VaOV5E4czRY,2024-07-06,was_live,True,False,public,False
AGI7NuAIDJ8,干货食品安全大揭幕之解剖蒙牛｜中国乳业风云录（3）,https://www.youtube.com/watch?v=AGI7NuAIDJ8,2024-07-05,was_live,True,False,public,False
y-ZJ9HbECDU,午夜返场：河北农村斩鬼人口述斩鬼法术,https://www.youtube.com/watch?v=y-ZJ9HbECDU,2024-07-04,was_live,True,False,public,False
FRQG-qcoM7c,盲人教友关于国内弱势群体人生与子女教育的心碎话题｜预计返场：斩鬼刀与走蛟的细节,https://www.youtube.com/watch?v=FRQG-qcoM7c,2024-07-04,was_live,True,False,public,False
hgsWdb-YUsc,王处除三害，手把手教学金凰黄金诈骗案的套路！内卷的温哥华华人黑帮。,https://www.youtube.com/watch?v=hgsWdb-YUsc,2024-07-03,was_live,True,False,public,False
OSrmFA43o8I,股市大爆料：老领导吴清飞蛾扑火，刘纪鹏瞎参谋，林亦相烂干事，学会了画线的A股怎么又跌了？！,https://www.youtube.com/watch?v=OSrmFA43o8I,2024-07-02,was_live,True,False,public,False
ekuSwHZMuTM,周末玄学专场：斩鬼刀的用法与贵州大蛟修行的溶洞中时间扭曲现象,https://www.youtube.com/watch?v=ekuSwHZMuTM,2024-06-30,was_live,True,False,public,False
KMCOqGw3AMo,返场：斩鬼刀和走蛟大洞的时空扭曲,https://www.youtube.com/watch?v=KMCOqGw3AMo,2024-06-30,was_live,True,False,public,False
ansxwx98TxY,周末女观众调戏老王荤段子专场：妳们居然拿王叔做春梦！,https://www.youtube.com/watch?v=ansxwx98TxY,2024-06-29,was_live,True,False,public,False
xfWC6WFYcPM,评2024美国大选首场辩论：川普正常，拜登傻傻下不了台！吉尔违反礼仪冲上去救场。Trump grilled Biden on the stage of 2024 CNN debate.,https://www.youtube.com/watch?v=xfWC6WFYcPM,2024-06-28,was_live,True,False,public,False
mDn_Nv2RRbM,苏州袭日事件中国女生殉道，论中国人的灵魂与良知的不能合一,https://www.youtube.com/watch?v=mDn_Nv2RRbM,2024-06-27,was_live,True,False,public,False
hfBaqSZ0lFs,海外傻狍子的天敌，顶配版双花大红棍，一个拥有国家的帮派的终极进化,https://www.youtube.com/watch?v=hfBaqSZ0lFs,2024-06-26,was_live,True,False,public,False
hhUtJ7s7NME,向张维迎教授道歉及稀奇古怪的观众来信！,https://www.youtube.com/watch?v=hhUtJ7s7NME,2024-06-25,was_live,True,False,public,False
NsAfTNXRgXo,中国乳业风云录2：对不起我要整死在座所有的人包括我自己，一群入错行的毒贩子在经营乳业。,https://www.youtube.com/watch?v=NsAfTNXRgXo,2024-06-25,was_live,True,False,public,False
KPs9EJBYxpg,美加地产这么高还能冲吗？你买对地点了吗？中国人如何投资美加地产！,https://www.youtube.com/watch?v=KPs9EJBYxpg,2024-06-23,was_live,True,False,public,False
GuhIgDhsIOE,乐极生悲：直播故障紧急说明！,https://www.youtube.com/watch?v=GuhIgDhsIOE,2024-06-22,was_live,True,False,public,False
4RPDWBmyIt4,长夜漫漫无心睡眠，人生第一次参加高中毕业典礼！,https://www.youtube.com/watch?v=4RPDWBmyIt4,2024-06-22,was_live,True,False,public,False
9-NYqeNq980,聊聊北京办“假使馆”车牌的行情｜中菲南海仁爱礁大打出手菲律宾吃大亏了｜普京去找金三密谋何事？老习跑延安干什么去了？,https://www.youtube.com/watch?v=9-NYqeNq980,2024-06-20,was_live,True,False,public,False
VhESwjU6zdU,测试炸音,https://www.youtube.com/watch?v=VhESwjU6zdU,2024-06-19,was_live,True,False,public,False
SeLESIEL6j8,病愈聊天：一个白手套的自我救赎与自白！,https://www.youtube.com/watch?v=SeLESIEL6j8,2024-06-19,was_live,True,False,public,False
4lJOyQEGUl8,大千世界无奇不有，被泼妇诬告强奸怎么办？,https://www.youtube.com/watch?v=4lJOyQEGUl8,2024-06-16,was_live,True,False,public,False
WwtdYCl-DXw,香港盂兰会满街鬼魂堪称中国最阴城市｜羊水栓塞冤亲债主索命如何化解宿怨,https://www.youtube.com/watch?v=WwtdYCl-DXw,2024-06-15,was_live,True,False,public,False
-HMzmc00w1k,两世因果恶鬼缠身，青蛇保家仙施法救难｜镜碎预警小女生逃出生天｜花开别树谊子送终如何逆天改命,https://www.youtube.com/watch?v=-HMzmc00w1k,2024-06-15,was_live,True,False,public,False
RZ-_3hiQEuM,三聚氰胺毒奶粉是如何炼成的？中国乳业风云录开篇词,https://www.youtube.com/watch?v=RZ-_3hiQEuM,2024-06-14,was_live,True,False,public,False
J5ALKhJqkwY,中国房价涨还是跌，517新政下的中国房价走势,https://www.youtube.com/watch?v=J5ALKhJqkwY,2024-06-13,was_live,True,False,public,False
P7QROUrsJUQ,朝鲜新义州特首杨斌夭折记｜造大孽志愿军白死百万，大饥荒新义州开放夭折,https://www.youtube.com/watch?v=P7QROUrsJUQ,2024-06-12,was_live,True,False,public,False
4LeUvb6a0nY,罗家1亿鲸吞洛阳4000亿钼矿，陷害好官孙善武｜河南省委常委洛阳市委书记得罪罗太师家族惨遭灭门的旧事,https://www.youtube.com/watch?v=4LeUvb6a0nY,2024-06-12,was_live,True,False,public,False
pBPGJeqPYco,加场直播温哥华10:30之有求必应无欲则刚，什么是幸福？润人还是润心润肺？,https://www.youtube.com/watch?v=pBPGJeqPYco,2024-06-11,was_live,True,False,subscriber_only,True
sCqPrLatqjQ,魂魄三屍是什麼？长夜漫漫无心睡眠，聊个十块钱的。,https://www.youtube.com/watch?v=sCqPrLatqjQ,2024-06-09,was_live,True,False,public,False
1ycKhw-l7Mw,绵恒指桑骂槐不知装傻，晓田裙下冒烟再丧一臣,https://www.youtube.com/watch?v=1ycKhw-l7Mw,2024-06-08,was_live,True,False,public,False
pqNuvp77hfo,外纪委王书记上线：干货国内老板遇到公安局敲诈勒索怎么伸冤？｜湿货如何控制学飞机和轮船的风险？,https://www.youtube.com/watch?v=pqNuvp77hfo,2024-06-06,was_live,True,False,public,False
51yLLSHUVjo,六四专场：有些底线不能放弃，有些罪行不能和解｜14岁少年亲历记,https://www.youtube.com/watch?v=51yLLSHUVjo,2024-06-05,was_live,True,False,public,False
spXk5sf659A,诚意返场：首次泳池赤膊上阵,https://www.youtube.com/watch?v=spXk5sf659A,2024-06-02,was_live,True,False,public,False
OJ1sny7RXyY,直播时间周六温哥华19:45，修行首当知因果｜白血病慈父爱女一命换一命｜加国小留报警抓老爸｜北京出马仙堂赵长霞,https://www.youtube.com/watch?v=OJ1sny7RXyY,2024-06-02,was_live,True,False,public,False
liLEi7EFcBk,长夜漫漫无心睡眠，聊上十块钱的？贾跃亭不可能回国｜周滨发兵西湖高尔夫球场的荒唐往事,https://www.youtube.com/watch?v=liLEi7EFcBk,2024-06-01,was_live,True,False,public,False
30E_As-mMcA,人生指南：叶子金中富，神通与绝路,https://www.youtube.com/watch?v=30E_As-mMcA,2024-05-31,was_live,True,False,public,False
9C1WSek1l2g,一个上市公司老板的四层境界,https://www.youtube.com/watch?v=9C1WSek1l2g,2024-05-29,was_live,True,False,public,False
mVvI2dETOjQ,小返场：华山之巅的真实闹鬼故事｜令计划父子是被谁做掉的？,https://www.youtube.com/watch?v=mVvI2dETOjQ,2024-05-28,was_live,True,False,public,False
k2-qzlqpNLc,壮阳神物马蚌｜金黄清炖鸡｜杨罗耿兵团耿飚与习家渊源｜,https://www.youtube.com/watch?v=k2-qzlqpNLc,2024-05-28,was_live,True,False,public,False
ooxUsP9i_T8,宗教与修仙的真相：理解一切六道众生、灵媒与未来人、天兵天将驱鬼抓妖，理解修身与修灵，理解去中心化的人界和灵界未来,https://www.youtube.com/watch?v=ooxUsP9i_T8,2024-05-27,was_live,True,False,public,False
sfXxy3z-lTs,周末返场：凡人修仙实录及真实体验｜撞鬼捉鬼御鬼的科学原理｜如何看见人体辉光与寿命｜阴间与梦境的联系｜脊柱与五脏的玄学定义,https://www.youtube.com/watch?v=sfXxy3z-lTs,2024-05-25,was_live,True,False,public,False
S2z_o05pd0k,惊悚的亲子故事之妈妈再爱我一次,https://www.youtube.com/watch?v=S2z_o05pd0k,2024-05-25,was_live,True,False,public,False
LzfOS0E3uZA,连线仙人老张和小齐，拿幸教修仙班开课了！｜大道张至顺｜灵界的译者｜男女修行中的马阴藏相与斩赤龙｜儿童修行中开天眼观鬼神,https://www.youtube.com/watch?v=LzfOS0E3uZA,2024-05-25,was_live,True,False,public,False
s2QwlfpEFNE,海外孤臣评赖清德总统就职演说：医生的一小步，台湾的一大步。,https://www.youtube.com/watch?v=s2QwlfpEFNE,2024-05-24,was_live,True,False,public,False
_ClPBVk5ZaU,八卦秘闻：为什么说叶帅是真正的穿越者｜北京四合院的大清房契｜北理工骗我二百万,https://www.youtube.com/watch?v=_ClPBVk5ZaU,2024-05-23,was_live,True,False,public,False
gtWre1gjrJ4,中国城夜总会剿匪记,https://www.youtube.com/watch?v=gtWre1gjrJ4,2024-05-21,was_live,True,False,public,False
0WWvLsRmQfM,正在直播：亲历跨国夺舍，奇才观众破解铁板神数,https://www.youtube.com/watch?v=0WWvLsRmQfM,2024-05-19,was_live,True,False,public,False
DL55rKhwEy0,习普海参崴租借密約达成，中国是雪中送炭还是趁火打劫，俄国熊能忍多久？,https://www.youtube.com/watch?v=DL55rKhwEy0,2024-05-17,was_live,True,False,public,False
3td5XM7RIWg,为什么⚡️劈的总是我？潦草的资本江湖第一代教父们监狱里搓火的故事｜苏州红的血腥与金中富的荒诞。,https://www.youtube.com/watch?v=3td5XM7RIWg,2024-05-16,was_live,True,False,public,False
lDNzmiGorwY,窃听风云之中国商业战争警察帝国时代,https://www.youtube.com/watch?v=lDNzmiGorwY,2024-05-15,was_live,True,False,public,False
sVBYi3plQBo,回忆大师们纵横天下的年代,https://www.youtube.com/watch?v=sVBYi3plQBo,2024-05-12,was_live,True,False,public,False
qZt3z8fZ2Yw,永远的七龙珠：鸟山明老师百日祭,https://www.youtube.com/watch?v=qZt3z8fZ2Yw,2024-05-11,was_live,True,False,public,False
yVFSKLj0IBE,如何从打工仔变成老板（娘）｜从厂洼村皮包公司到金融街中国第一家资本公司的故事,https://www.youtube.com/watch?v=yVFSKLj0IBE,2024-05-09,was_live,True,False,public,False
qRkPuxGrSSI,会员全本：为什么马斯克不是白区党，王局也不是大外宣。,https://www.youtube.com/watch?v=qRkPuxGrSSI,2024-05-05,was_live,True,False,public,False
W4p7lnP5kOw,会员全本：闲人老张修仙失败的秘密,https://www.youtube.com/watch?v=W4p7lnP5kOw,2024-05-05,was_live,True,False,public,False
dj54lTxT2OU,点评比特币与赵长鹏们｜主流中心化：数字货币的未来,https://www.youtube.com/watch?v=dj54lTxT2OU,2024-05-02,was_live,True,False,public,False
zCcp3TIDvxM,和老王一起追逐周易的本质：探求世界的底层代码,https://www.youtube.com/watch?v=zCcp3TIDvxM,2024-04-29,was_live,True,False,public,False
Q7px3pBrjhQ,布林肯访华，丧权辱国！,https://www.youtube.com/watch?v=Q7px3pBrjhQ,2024-04-26,was_live,True,False,public,False
ojlLspToqZE,返场大放送：踢出SWIFT对中国的影响,https://www.youtube.com/watch?v=ojlLspToqZE,2024-04-25,was_live,True,False,public,False
TjURQNxjOjg,华人多子女家庭父母必读（上）,https://www.youtube.com/watch?v=TjURQNxjOjg,2024-04-25,was_live,True,False,public,False
Sj08gQnMnRs,有钱人的孩子必须上顶级私立学校？｜美加私校入学流程揭秘,https://www.youtube.com/watch?v=Sj08gQnMnRs,2024-04-25,was_live,True,False,public,False
Ta9V67NpNVQ,聊聊新移民提升文明程度,https://www.youtube.com/watch?v=Ta9V67NpNVQ,2024-04-24,was_live,True,False,public,False
4OrMRTK8v9I,人到中年，更加喜欢易经,https://www.youtube.com/watch?v=4OrMRTK8v9I,2024-04-24,was_live,True,False,public,False
d2_WScsx24Y,长夜漫漫无心睡眠，拿幸教主聊温哥华混码头的精彩故事,https://www.youtube.com/watch?v=d2_WScsx24Y,2024-04-23,was_live,True,False,public,False
UGrbdayPyls,有史以来，第一次直播返场！60分钟纯神侃。,https://www.youtube.com/watch?v=UGrbdayPyls,2024-04-23,was_live,True,False,public,False
xJjz7CibOR0,一小时学会高岛易断｜揭秘易神高岛吞象先生如何百发百中,https://www.youtube.com/watch?v=xJjz7CibOR0,2024-04-21,was_live,True,False,public,False
cplCn6b5eak,什么人适合移民？高岛流答疑解惑。,https://www.youtube.com/watch?v=cplCn6b5eak,2024-04-21,was_live,True,False,public,False
XeucnyhxDlU,坏人供奉佛堂：为何佛佑坏蛋？,https://www.youtube.com/watch?v=XeucnyhxDlU,2024-04-19,was_live,True,False,public,False
xk-WWZ11iYw,國際資本為何無法做空人民幣？无法做空港币？,https://www.youtube.com/watch?v=xk-WWZ11iYw,2024-04-18,was_live,True,False,public,False
5AmqIQD7xNU,直播：人民幣何時開始貶值（最后15分钟）,https://www.youtube.com/watch?v=5AmqIQD7xNU,2024-04-17,was_live,True,False,public,False
s-4G8-j4FYo,老王是如何治愈痛风畅饮精酿啤酒的,https://www.youtube.com/watch?v=s-4G8-j4FYo,2024-04-15,was_live,True,False,public,False
t5dgvDRMNKY,“老王来了”正在直播！,https://www.youtube.com/watch?v=t5dgvDRMNKY,2024-04-14,was_live,True,False,public,False
U_PVw4qCH0U,直播：岸田文雄国会山演说！标志世纪大变局堪比宋美龄！,https://www.youtube.com/watch?v=U_PVw4qCH0U,2024-04-12,was_live,True,False,public,False
OgEuFVB78cU,转世投胎的256个字节｜驱除鬼附体及鬼压床的正气决,https://www.youtube.com/watch?v=OgEuFVB78cU,2024-04-10,was_live,True,False,public,False
dwhZyeTI5YU,英伟达还能不能买？黄sir的崛起与未来,https://www.youtube.com/watch?v=dwhZyeTI5YU,2024-04-09,was_live,True,False,public,False
TDkXuNFEOc8,美股投资真谛｜东升西降的真相,https://www.youtube.com/watch?v=TDkXuNFEOc8,2024-04-07,was_live,True,False,public,False
